3 [140302120434560] INFO perfrun.launcher <> - Launcher main begin
5 [140302120434560] INFO perfrun.launcher <> - MessageCatalogInit finished
5 [140302120434560] INFO perfrun.launcher <> - Launcher instance created
5 [140302120434560] INFO perfrun.launcher <> - argc = 7; cmdline = /opt/intel/oneapi/vtune/2024.2/bin64/amplxe-runss --ui-output-format xml --ui-output-fd 6 --option-file /export/home/acs/stud/d/dragos.boncan/cannycore/profiling/pthreads_perf/config/runsa.options 
141 [140302120434560] INFO perfrun.perfcollector <> - SEP tool path: /opt/intel/oneapi/vtune/2024.2/bin64/sep
154 [140302120434560] INFO perfrun.launcher <> - create msngr2::ICliToolContext
155 [140302120434560] INFO perfrun.launcher <> - create file finder object
155 [140302120434560] INFO perfrun.launcher <> - create a result directory: pattern = /export/home/acs/stud/d/dragos.boncan/cannycore/profiling/pthreads_perf pid = 4294967295
171 [140302120434560] INFO perfrun.sdk <> - checked that the directory /export/home/acs/stud/d/dragos.boncan/cannycore/profiling/pthreads_perf is a local directory
186 [140302120434560] INFO perfrun.sdk <> - the directory /export/home/acs/stud/d/dragos.boncan/cannycore/profiling/pthreads_perf is located on a share or its FS ID is unknown 12805120
186 [140302120434560] INFO perfrun.sdk <> - checked that the directory /tmp/amplxe-tmp-dragos.boncan is a local directory
186 [140302120434560] INFO perfrun.sdk <> - the directory /tmp/amplxe-tmp-dragos.boncan is a local directory with FS type ID 61267
187 [140302120434560] INFO perfrun.launcher <> - Create a local result directory /tmp/amplxe-tmp-dragos.boncan/amplxe-res-3350218-47531290990676136 due to the user result path /export/home/acs/stud/d/dragos.boncan/cannycore/profiling/pthreads_perf is located on a share
187 [140302120434560] INFO perfrun.launcher <> - create data directory = /tmp/amplxe-tmp-dragos.boncan/amplxe-res-3350218-47531290990676136/data.0
187 [140302120434560] INFO perfrun.launcher <> - create data directory = /export/home/acs/stud/d/dragos.boncan/cannycore/profiling/pthreads_perf/data.0
188 [140302120434560] INFO perfrun.launcher <> - Creating the master collection flag
196 [140302120434560] INFO perfrun.launcher <> - Done creating the master collection flag
218 [140301993219840] INFO perfrun.launcher <> - plugin [remoteplug] was disabled because it doesn't support the given collection type.
219 [140301993219840] INFO perfrun.sdk <> - Allocating TMU :/tmp/amplxe-tmp-dragos.boncan/amplxe-res-3350218-47531290990676136/data.0/systemcollector-3350218-xl270-wn161.grid.pub.ro.sc
220 [140301993219840] INFO perfrun.launcher <> - plugin [itt] was disabled because it doesn't support the given collection type.
220 [140301993219840] INFO perfrun.launcher <> - plugin [ptracecollector] was disabled because it doesn't support the given collection type.
220 [140301993219840] INFO perfrun.launcher <> - plugin [gpu] was disabled because it doesn't support the given collection type.
220 [140301993219840] INFO perfrun.launcher <> - plugin [] was disabled because it doesn't support the given collection type.
220 [140301993219840] INFO perfrun.launcher <> - plugin [] was disabled because it doesn't support the given collection type.
220 [140301993219840] INFO perfrun.launcher <> - plugin [] was disabled because it doesn't support the given collection type.
220 [140301993219840] INFO perfrun.mrte <> - system-wide mode is 0
220 [140301993219840] INFO perfrun.mrte <> - Getting  mrte profiling environment ...
237 [140301993219840] INFO perfrun.mrte <> - INTEL_MRTE_DATA_DIR=/tmp/amplxe-tmp-dragos.boncan/amplxe-res-3350218-47531290990676136/data.0
237 [140301993219840] INFO perfrun.mrte <> - INTEL_MRTE_HOST_NAME=xl270-wn161.grid.pub.ro
237 [140301993219840] INFO perfrun.mrte <> - JAVA_TOOL_OPTIONS=-agentlib:amplxe_samplingmrte_javaprof_1.0 -Dsun.boot.library.path=/opt/intel/oneapi/vtune/2024.2/lib32/runtime:/opt/intel/oneapi/vtune/2024.2/lib64/runtime
237 [140301993219840] INFO perfrun.mrte <> - LD_LIBRARY_PATH=/opt/intel/oneapi/vtune/2024.2/lib32/runtime:/opt/intel/oneapi/vtune/2024.2/lib64/runtime:/usr/lib64/openmpi/lib:/usr/local/cuda-11.4/lib64
237 [140301993219840] INFO perfrun.mrte <> - CORECLR_ENABLE_PROFILING=1
237 [140301993219840] INFO perfrun.mrte <> - CORECLR_PROFILER={AA5E4821-E3B1-479c-B7FF-5AD047D22CED}
237 [140301993219840] INFO perfrun.mrte <> - CORECLR_PROFILER_PATH=/opt/intel/oneapi/vtune/2024.2/lib64/libamplxe_samplingmrte_clrprof_1.0.so
238 [140301993219840] INFO perfrun.mrte <> - INTEL_MRTE_PROFILER_MODE=mixed
238 [140301993219840] INFO perfrun.mrte <> - Data directory: /tmp/amplxe-tmp-dragos.boncan/amplxe-res-3350218-47531290990676136/data.0
238 [140301993219840] INFO perfrun.mrte <> - Mrte plugin is initialized
238 [140301993219840] INFO perfrun.launcher <> - plugin [emon] was disabled because it doesn't support the given collection type.
238 [140301993219840] INFO perfrun.launcher <> - plugin [cuscol] was disabled because it doesn't support the given collection type.
238 [140301993219840] INFO perfrun.launcher <> - plugin [stdsrc] was disabled because it doesn't support the given collection type.
238 [140301993219840] INFO perfrun.launcher <> - plugin [sep] was disabled because it doesn't support the given collection type.
238 [140301993219840] INFO perfrun.launcher <> - plugin [vtsspp] was disabled because it doesn't support the given collection type.
238 [140301993219840] INFO perfrun.perfcollector <> - Platform type: 108
238 [140301993219840] INFO perfrun.sdk <> - Reading value (2) from file: /proc/sys/kernel/perf_event_paranoid
238 [140301993219840] INFO perfrun.perfcollector <> - checking access to: /opt/intel/oneapi/vtune/2024.2/bin64/amplxe-perf-priv
238 [140301993219840] INFO perfrun.perfcollector <> - dir found: /sys/bus/event_source/devices/software
238 [140301993219840] INFO perfrun.perfcollector <> - format: pmu format subdir doesn't exist
238 [140301993219840] INFO perfrun.perfcollector <> - hwInfo: not set, pmuFam: software
238 [140301993219840] INFO perfrun.perfcollector <> - pmu added: software, idx: 0
238 [140301993219840] INFO perfrun.perfcollector <> - dir found: /sys/bus/event_source/devices/uncore_imc_5
238 [140301993219840] INFO perfrun.perfcollector <> - format: event: config:0-7, mask:0-7
238 [140301993219840] INFO perfrun.perfcollector <> - format: edge: config:18, mask:18
238 [140301993219840] INFO perfrun.perfcollector <> - format: inv: config:23, mask:23
238 [140301993219840] INFO perfrun.perfcollector <> - format: umask: config:8-15, mask:8-15
238 [140301993219840] INFO perfrun.perfcollector <> - format: thresh: config:24-31, mask:24-31
238 [140301993219840] INFO perfrun.perfcollector <> - hwInfo: PERF_IMC_PMU_DETAILS
238 [140301993219840] INFO perfrun.perfcollector <> - pmu caps: raw,format,events
238 [140301993219840] INFO perfrun.perfcollector <> - pmu added: uncore_imc, idx: 5
238 [140301993219840] INFO perfrun.perfcollector <> - dir found: /sys/bus/event_source/devices/uncore_sbox_2
238 [140301993219840] INFO perfrun.perfcollector <> - format: event: config:0-7, mask:0-7
238 [140301993219840] INFO perfrun.perfcollector <> - format: edge: config:18, mask:18
238 [140301993219840] INFO perfrun.perfcollector <> - format: inv: config:23, mask:23
239 [140301993219840] INFO perfrun.perfcollector <> - format: umask: config:8-15, mask:8-15
239 [140301993219840] INFO perfrun.perfcollector <> - format: tid_en: config:19, mask:19
239 [140301993219840] INFO perfrun.perfcollector <> - format: thresh: config:24-31, mask:24-31
239 [140301993219840] INFO perfrun.perfcollector <> - hwInfo: not set, pmuFam: uncore_sbox
239 [140301993219840] INFO perfrun.perfcollector <> - pmu caps: raw,format
239 [140301993219840] INFO perfrun.perfcollector <> - pmu added: uncore_sbox, idx: 2
239 [140301993219840] INFO perfrun.perfcollector <> - dir found: /sys/bus/event_source/devices/uncore_cbox_8
239 [140301993219840] INFO perfrun.perfcollector <> - format: event: config:0-7, mask:0-7
239 [140301993219840] INFO perfrun.perfcollector <> - format: filter_link: config1:6-8, mask:6-8
239 [140301993219840] INFO perfrun.perfcollector <> - format: filter_c6: config1:61, mask:61
239 [140301993219840] INFO perfrun.perfcollector <> - format: edge: config:18, mask:18
239 [140301993219840] INFO perfrun.perfcollector <> - format: filter_isoc: config1:63, mask:63
239 [140301993219840] INFO perfrun.perfcollector <> - format: filter_tid: config1:0-5, mask:0-5
239 [140301993219840] INFO perfrun.perfcollector <> - format: filter_nid: config1:32-47, mask:32-47
239 [140301993219840] INFO perfrun.perfcollector <> - format: filter_nc: config1:62, mask:62
239 [140301993219840] INFO perfrun.perfcollector <> - format: umask: config:8-15, mask:8-15
239 [140301993219840] INFO perfrun.perfcollector <> - format: tid_en: config:19, mask:19
239 [140301993219840] INFO perfrun.perfcollector <> - format: thresh: config:24-31, mask:24-31
239 [140301993219840] INFO perfrun.perfcollector <> - format: filter_state: config1:17-23, mask:17-23
239 [140301993219840] INFO perfrun.perfcollector <> - format: filter_opc: config1:52-60, mask:52-60
239 [140301993219840] INFO perfrun.perfcollector <> - hwInfo: PERF_CBOX_PMU_DETAILS
239 [140301993219840] INFO perfrun.perfcollector <> - pmu caps: raw,format
239 [140301993219840] INFO perfrun.perfcollector <> - pmu added: uncore_cbox, idx: 8
239 [140301993219840] INFO perfrun.perfcollector <> - dir found: /sys/bus/event_source/devices/uncore_cbox_13
240 [140301993219840] INFO perfrun.perfcollector <> - format: event: config:0-7, mask:0-7
240 [140301993219840] INFO perfrun.perfcollector <> - format: filter_link: config1:6-8, mask:6-8
240 [140301993219840] INFO perfrun.perfcollector <> - format: filter_c6: config1:61, mask:61
240 [140301993219840] INFO perfrun.perfcollector <> - format: edge: config:18, mask:18
240 [140301993219840] INFO perfrun.perfcollector <> - format: filter_isoc: config1:63, mask:63
240 [140301993219840] INFO perfrun.perfcollector <> - format: filter_tid: config1:0-5, mask:0-5
240 [140301993219840] INFO perfrun.perfcollector <> - format: filter_nid: config1:32-47, mask:32-47
240 [140301993219840] INFO perfrun.perfcollector <> - format: filter_nc: config1:62, mask:62
240 [140301993219840] INFO perfrun.perfcollector <> - format: umask: config:8-15, mask:8-15
240 [140301993219840] INFO perfrun.perfcollector <> - format: tid_en: config:19, mask:19
240 [140301993219840] INFO perfrun.perfcollector <> - format: thresh: config:24-31, mask:24-31
240 [140301993219840] INFO perfrun.perfcollector <> - format: filter_state: config1:17-23, mask:17-23
240 [140301993219840] INFO perfrun.perfcollector <> - format: filter_opc: config1:52-60, mask:52-60
240 [140301993219840] INFO perfrun.perfcollector <> - hwInfo: PERF_CBOX_PMU_DETAILS
240 [140301993219840] INFO perfrun.perfcollector <> - pmu caps: raw,format
240 [140301993219840] INFO perfrun.perfcollector <> - pmu added: uncore_cbox, idx: 13
240 [140301993219840] INFO perfrun.perfcollector <> - dir found: /sys/bus/event_source/devices/uncore_r2pcie
240 [140301993219840] INFO perfrun.perfcollector <> - format: event: config:0-7, mask:0-7
240 [140301993219840] INFO perfrun.perfcollector <> - format: edge: config:18, mask:18
240 [140301993219840] INFO perfrun.perfcollector <> - format: inv: config:23, mask:23
240 [140301993219840] INFO perfrun.perfcollector <> - format: umask: config:8-15, mask:8-15
240 [140301993219840] INFO perfrun.perfcollector <> - format: thresh: config:24-31, mask:24-31
241 [140301993219840] INFO perfrun.perfcollector <> - hwInfo: not set, pmuFam: uncore_r2pcie
241 [140301993219840] INFO perfrun.perfcollector <> - pmu caps: raw,format
241 [140301993219840] INFO perfrun.perfcollector <> - pmu added: uncore_r2pcie, idx: 0
241 [140301993219840] INFO perfrun.perfcollector <> - dir found: /sys/bus/event_source/devices/uncore_sbox_0
241 [140301993219840] INFO perfrun.perfcollector <> - format: event: config:0-7, mask:0-7
241 [140301993219840] INFO perfrun.perfcollector <> - format: edge: config:18, mask:18
241 [140301993219840] INFO perfrun.perfcollector <> - format: inv: config:23, mask:23
241 [140301993219840] INFO perfrun.perfcollector <> - format: umask: config:8-15, mask:8-15
241 [140301993219840] INFO perfrun.perfcollector <> - format: tid_en: config:19, mask:19
241 [140301993219840] INFO perfrun.perfcollector <> - format: thresh: config:24-31, mask:24-31
241 [140301993219840] INFO perfrun.perfcollector <> - hwInfo: not set, pmuFam: uncore_sbox
241 [140301993219840] INFO perfrun.perfcollector <> - pmu caps: raw,format
241 [140301993219840] INFO perfrun.perfcollector <> - pmu added: uncore_sbox, idx: 0
241 [140301993219840] INFO perfrun.perfcollector <> - dir found: /sys/bus/event_source/devices/uncore_cbox_6
241 [140301993219840] INFO perfrun.perfcollector <> - format: event: config:0-7, mask:0-7
241 [140301993219840] INFO perfrun.perfcollector <> - format: filter_link: config1:6-8, mask:6-8
241 [140301993219840] INFO perfrun.perfcollector <> - format: filter_c6: config1:61, mask:61
241 [140301993219840] INFO perfrun.perfcollector <> - format: edge: config:18, mask:18
241 [140301993219840] INFO perfrun.perfcollector <> - format: filter_isoc: config1:63, mask:63
241 [140301993219840] INFO perfrun.perfcollector <> - format: filter_tid: config1:0-5, mask:0-5
241 [140301993219840] INFO perfrun.perfcollector <> - format: filter_nid: config1:32-47, mask:32-47
242 [140301993219840] INFO perfrun.perfcollector <> - format: filter_nc: config1:62, mask:62
242 [140301993219840] INFO perfrun.perfcollector <> - format: umask: config:8-15, mask:8-15
242 [140301993219840] INFO perfrun.perfcollector <> - format: tid_en: config:19, mask:19
242 [140301993219840] INFO perfrun.perfcollector <> - format: thresh: config:24-31, mask:24-31
242 [140301993219840] INFO perfrun.perfcollector <> - format: filter_state: config1:17-23, mask:17-23
242 [140301993219840] INFO perfrun.perfcollector <> - format: filter_opc: config1:52-60, mask:52-60
242 [140301993219840] INFO perfrun.perfcollector <> - hwInfo: PERF_CBOX_PMU_DETAILS
242 [140301993219840] INFO perfrun.perfcollector <> - pmu caps: raw,format
242 [140301993219840] INFO perfrun.perfcollector <> - pmu added: uncore_cbox, idx: 6
242 [140301993219840] INFO perfrun.perfcollector <> - dir found: /sys/bus/event_source/devices/uncore_imc_1
242 [140301993219840] INFO perfrun.perfcollector <> - format: event: config:0-7, mask:0-7
242 [140301993219840] INFO perfrun.perfcollector <> - format: edge: config:18, mask:18
242 [140301993219840] INFO perfrun.perfcollector <> - format: inv: config:23, mask:23
242 [140301993219840] INFO perfrun.perfcollector <> - format: umask: config:8-15, mask:8-15
242 [140301993219840] INFO perfrun.perfcollector <> - format: thresh: config:24-31, mask:24-31
242 [140301993219840] INFO perfrun.perfcollector <> - hwInfo: PERF_IMC_PMU_DETAILS
242 [140301993219840] INFO perfrun.perfcollector <> - pmu caps: raw,format,events
242 [140301993219840] INFO perfrun.perfcollector <> - pmu added: uncore_imc, idx: 1
242 [140301993219840] INFO perfrun.perfcollector <> - dir found: /sys/bus/event_source/devices/power
242 [140301993219840] INFO perfrun.perfcollector <> - format: event: config:0-7, mask:0-7
242 [140301993219840] INFO perfrun.perfcollector <> - hwInfo: not set, pmuFam: power
242 [140301993219840] INFO perfrun.perfcollector <> - pmu caps: raw,format,events
242 [140301993219840] INFO perfrun.perfcollector <> - pmu added: power, idx: 0
242 [140301993219840] INFO perfrun.perfcollector <> - dir found: /sys/bus/event_source/devices/uncore_cbox_11
242 [140301993219840] INFO perfrun.perfcollector <> - format: event: config:0-7, mask:0-7
242 [140301993219840] INFO perfrun.perfcollector <> - format: filter_link: config1:6-8, mask:6-8
242 [140301993219840] INFO perfrun.perfcollector <> - format: filter_c6: config1:61, mask:61
243 [140301993219840] INFO perfrun.perfcollector <> - format: edge: config:18, mask:18
243 [140301993219840] INFO perfrun.perfcollector <> - format: filter_isoc: config1:63, mask:63
243 [140301993219840] INFO perfrun.perfcollector <> - format: filter_tid: config1:0-5, mask:0-5
243 [140301993219840] INFO perfrun.perfcollector <> - format: filter_nid: config1:32-47, mask:32-47
243 [140301993219840] INFO perfrun.perfcollector <> - format: filter_nc: config1:62, mask:62
243 [140301993219840] INFO perfrun.perfcollector <> - format: umask: config:8-15, mask:8-15
243 [140301993219840] INFO perfrun.perfcollector <> - format: tid_en: config:19, mask:19
243 [140301993219840] INFO perfrun.perfcollector <> - format: thresh: config:24-31, mask:24-31
243 [140301993219840] INFO perfrun.perfcollector <> - format: filter_state: config1:17-23, mask:17-23
243 [140301993219840] INFO perfrun.perfcollector <> - format: filter_opc: config1:52-60, mask:52-60
243 [140301993219840] INFO perfrun.perfcollector <> - hwInfo: PERF_CBOX_PMU_DETAILS
243 [140301993219840] INFO perfrun.perfcollector <> - pmu caps: raw,format
243 [140301993219840] INFO perfrun.perfcollector <> - pmu added: uncore_cbox, idx: 11
243 [140301993219840] INFO perfrun.perfcollector <> - dir found: /sys/bus/event_source/devices/uncore_cbox_4
243 [140301993219840] INFO perfrun.perfcollector <> - format: event: config:0-7, mask:0-7
243 [140301993219840] INFO perfrun.perfcollector <> - format: filter_link: config1:6-8, mask:6-8
243 [140301993219840] INFO perfrun.perfcollector <> - format: filter_c6: config1:61, mask:61
243 [140301993219840] INFO perfrun.perfcollector <> - format: edge: config:18, mask:18
243 [140301993219840] INFO perfrun.perfcollector <> - format: filter_isoc: config1:63, mask:63
243 [140301993219840] INFO perfrun.perfcollector <> - format: filter_tid: config1:0-5, mask:0-5
243 [140301993219840] INFO perfrun.perfcollector <> - format: filter_nid: config1:32-47, mask:32-47
243 [140301993219840] INFO perfrun.perfcollector <> - format: filter_nc: config1:62, mask:62
243 [140301993219840] INFO perfrun.perfcollector <> - format: umask: config:8-15, mask:8-15
244 [140301993219840] INFO perfrun.perfcollector <> - format: tid_en: config:19, mask:19
244 [140301993219840] INFO perfrun.perfcollector <> - format: thresh: config:24-31, mask:24-31
244 [140301993219840] INFO perfrun.perfcollector <> - format: filter_state: config1:17-23, mask:17-23
244 [140301993219840] INFO perfrun.perfcollector <> - format: filter_opc: config1:52-60, mask:52-60
244 [140301993219840] INFO perfrun.perfcollector <> - hwInfo: PERF_CBOX_PMU_DETAILS
244 [140301993219840] INFO perfrun.perfcollector <> - pmu caps: raw,format
244 [140301993219840] INFO perfrun.perfcollector <> - pmu added: uncore_cbox, idx: 4
244 [140301993219840] INFO perfrun.perfcollector <> - dir found: /sys/bus/event_source/devices/uprobe
244 [140301993219840] INFO perfrun.perfcollector <> - format: retprobe: config:0, mask:0
244 [140301993219840] INFO perfrun.perfcollector <> - hwInfo: not set, pmuFam: uprobe
244 [140301993219840] INFO perfrun.perfcollector <> - pmu caps: raw,format
244 [140301993219840] INFO perfrun.perfcollector <> - pmu added: uprobe, idx: 0
244 [140301993219840] INFO perfrun.perfcollector <> - dir found: /sys/bus/event_source/devices/cpu
244 [140301993219840] INFO perfrun.perfcollector <> - format: event: config:0-7, mask:0-7
244 [140301993219840] INFO perfrun.perfcollector <> - format: pc: config:19, mask:19
244 [140301993219840] INFO perfrun.perfcollector <> - format: in_tx: config:32, mask:32
244 [140301993219840] INFO perfrun.perfcollector <> - format: edge: config:18, mask:18
244 [140301993219840] INFO perfrun.perfcollector <> - format: any: config:21, mask:21
244 [140301993219840] INFO perfrun.perfcollector <> - format: offcore_rsp: config1:0-63, mask:0-63
244 [140301993219840] INFO perfrun.perfcollector <> - format: in_tx_cp: config:33, mask:33
244 [140301993219840] INFO perfrun.perfcollector <> - format: ldlat: config1:0-15, mask:0-15
244 [140301993219840] INFO perfrun.perfcollector <> - format: inv: config:23, mask:23
244 [140301993219840] INFO perfrun.perfcollector <> - format: umask: config:8-15, mask:8-15
244 [140301993219840] INFO perfrun.perfcollector <> - format: cmask: config:24-31, mask:24-31
244 [140301993219840] INFO perfrun.perfcollector <> - hwInfo: PERF_CPU_PMU_DETAILS
244 [140301993219840] INFO perfrun.perfcollector <> - pmu caps: raw,format,events,ldlat,offcore_rsp
244 [140301993219840] INFO perfrun.perfcollector <> - pmu added: cpu, idx: 0
244 [140301993219840] INFO perfrun.perfcollector <> - dir found: /sys/bus/event_source/devices/uncore_r3qpi_0
245 [140301993219840] INFO perfrun.perfcollector <> - format: event: config:0-7, mask:0-7
245 [140301993219840] INFO perfrun.perfcollector <> - format: edge: config:18, mask:18
245 [140301993219840] INFO perfrun.perfcollector <> - format: inv: config:23, mask:23
245 [140301993219840] INFO perfrun.perfcollector <> - format: umask: config:8-15, mask:8-15
245 [140301993219840] INFO perfrun.perfcollector <> - format: thresh: config:24-31, mask:24-31
245 [140301993219840] INFO perfrun.perfcollector <> - hwInfo: not set, pmuFam: uncore_r3qpi
245 [140301993219840] INFO perfrun.perfcollector <> - pmu caps: raw,format
245 [140301993219840] INFO perfrun.perfcollector <> - pmu added: uncore_r3qpi, idx: 0
245 [140301993219840] INFO perfrun.perfcollector <> - dir found: /sys/bus/event_source/devices/cstate_core
245 [140301993219840] INFO perfrun.perfcollector <> - format: event: config:0-63, mask:0-63
245 [140301993219840] INFO perfrun.perfcollector <> - hwInfo: not set, pmuFam: cstate_core
245 [140301993219840] INFO perfrun.perfcollector <> - pmu caps: raw,format,events
245 [140301993219840] INFO perfrun.perfcollector <> - pmu added: cstate_core, idx: 0
245 [140301993219840] INFO perfrun.perfcollector <> - dir found: /sys/bus/event_source/devices/uncore_cbox_2
245 [140301993219840] INFO perfrun.perfcollector <> - format: event: config:0-7, mask:0-7
245 [140301993219840] INFO perfrun.perfcollector <> - format: filter_link: config1:6-8, mask:6-8
245 [140301993219840] INFO perfrun.perfcollector <> - format: filter_c6: config1:61, mask:61
245 [140301993219840] INFO perfrun.perfcollector <> - format: edge: config:18, mask:18
245 [140301993219840] INFO perfrun.perfcollector <> - format: filter_isoc: config1:63, mask:63
245 [140301993219840] INFO perfrun.perfcollector <> - format: filter_tid: config1:0-5, mask:0-5
245 [140301993219840] INFO perfrun.perfcollector <> - format: filter_nid: config1:32-47, mask:32-47
245 [140301993219840] INFO perfrun.perfcollector <> - format: filter_nc: config1:62, mask:62
245 [140301993219840] INFO perfrun.perfcollector <> - format: umask: config:8-15, mask:8-15
246 [140301993219840] INFO perfrun.perfcollector <> - format: tid_en: config:19, mask:19
246 [140301993219840] INFO perfrun.perfcollector <> - format: thresh: config:24-31, mask:24-31
246 [140301993219840] INFO perfrun.perfcollector <> - format: filter_state: config1:17-23, mask:17-23
246 [140301993219840] INFO perfrun.perfcollector <> - format: filter_opc: config1:52-60, mask:52-60
246 [140301993219840] INFO perfrun.perfcollector <> - hwInfo: PERF_CBOX_PMU_DETAILS
246 [140301993219840] INFO perfrun.perfcollector <> - pmu caps: raw,format
246 [140301993219840] INFO perfrun.perfcollector <> - pmu added: uncore_cbox, idx: 2
246 [140301993219840] INFO perfrun.perfcollector <> - dir found: /sys/bus/event_source/devices/breakpoint
246 [140301993219840] INFO perfrun.perfcollector <> - format: pmu format subdir doesn't exist
246 [140301993219840] INFO perfrun.perfcollector <> - hwInfo: not set, pmuFam: breakpoint
246 [140301993219840] INFO perfrun.perfcollector <> - pmu added: breakpoint, idx: 0
246 [140301993219840] INFO perfrun.perfcollector <> - dir found: /sys/bus/event_source/devices/uncore_ha_0
246 [140301993219840] INFO perfrun.perfcollector <> - format: event: config:0-7, mask:0-7
246 [140301993219840] INFO perfrun.perfcollector <> - format: edge: config:18, mask:18
246 [140301993219840] INFO perfrun.perfcollector <> - format: inv: config:23, mask:23
246 [140301993219840] INFO perfrun.perfcollector <> - format: umask: config:8-15, mask:8-15
246 [140301993219840] INFO perfrun.perfcollector <> - format: thresh: config:24-31, mask:24-31
246 [140301993219840] INFO perfrun.perfcollector <> - hwInfo: not set, pmuFam: uncore_ha
246 [140301993219840] INFO perfrun.perfcollector <> - pmu caps: raw,format
246 [140301993219840] INFO perfrun.perfcollector <> - pmu added: uncore_ha, idx: 0
246 [140301993219840] INFO perfrun.perfcollector <> - dir found: /sys/bus/event_source/devices/uncore_cbox_0
246 [140301993219840] INFO perfrun.perfcollector <> - format: event: config:0-7, mask:0-7
246 [140301993219840] INFO perfrun.perfcollector <> - format: filter_link: config1:6-8, mask:6-8
246 [140301993219840] INFO perfrun.perfcollector <> - format: filter_c6: config1:61, mask:61
246 [140301993219840] INFO perfrun.perfcollector <> - format: edge: config:18, mask:18
246 [140301993219840] INFO perfrun.perfcollector <> - format: filter_isoc: config1:63, mask:63
246 [140301993219840] INFO perfrun.perfcollector <> - format: filter_tid: config1:0-5, mask:0-5
247 [140301993219840] INFO perfrun.perfcollector <> - format: filter_nid: config1:32-47, mask:32-47
247 [140301993219840] INFO perfrun.perfcollector <> - format: filter_nc: config1:62, mask:62
247 [140301993219840] INFO perfrun.perfcollector <> - format: umask: config:8-15, mask:8-15
247 [140301993219840] INFO perfrun.perfcollector <> - format: tid_en: config:19, mask:19
247 [140301993219840] INFO perfrun.perfcollector <> - format: thresh: config:24-31, mask:24-31
247 [140301993219840] INFO perfrun.perfcollector <> - format: filter_state: config1:17-23, mask:17-23
247 [140301993219840] INFO perfrun.perfcollector <> - format: filter_opc: config1:52-60, mask:52-60
247 [140301993219840] INFO perfrun.perfcollector <> - hwInfo: PERF_CBOX_PMU_DETAILS
247 [140301993219840] INFO perfrun.perfcollector <> - pmu caps: raw,format
247 [140301993219840] INFO perfrun.perfcollector <> - pmu added: uncore_cbox, idx: 0
247 [140301993219840] INFO perfrun.perfcollector <> - dir found: /sys/bus/event_source/devices/tracepoint
247 [140301993219840] INFO perfrun.perfcollector <> - format: pmu format subdir doesn't exist
247 [140301993219840] INFO perfrun.perfcollector <> - hwInfo: not set, pmuFam: tracepoint
247 [140301993219840] INFO perfrun.perfcollector <> - pmu added: tracepoint, idx: 0
247 [140301993219840] INFO perfrun.perfcollector <> - dir found: /sys/bus/event_source/devices/uncore_sbox_3
247 [140301993219840] INFO perfrun.perfcollector <> - format: event: config:0-7, mask:0-7
247 [140301993219840] INFO perfrun.perfcollector <> - format: edge: config:18, mask:18
247 [140301993219840] INFO perfrun.perfcollector <> - format: inv: config:23, mask:23
247 [140301993219840] INFO perfrun.perfcollector <> - format: umask: config:8-15, mask:8-15
247 [140301993219840] INFO perfrun.perfcollector <> - format: tid_en: config:19, mask:19
247 [140301993219840] INFO perfrun.perfcollector <> - format: thresh: config:24-31, mask:24-31
247 [140301993219840] INFO perfrun.perfcollector <> - hwInfo: not set, pmuFam: uncore_sbox
247 [140301993219840] INFO perfrun.perfcollector <> - pmu caps: raw,format
247 [140301993219840] INFO perfrun.perfcollector <> - pmu added: uncore_sbox, idx: 3
247 [140301993219840] INFO perfrun.perfcollector <> - dir found: /sys/bus/event_source/devices/uncore_cbox_9
247 [140301993219840] INFO perfrun.perfcollector <> - format: event: config:0-7, mask:0-7
247 [140301993219840] INFO perfrun.perfcollector <> - format: filter_link: config1:6-8, mask:6-8
247 [140301993219840] INFO perfrun.perfcollector <> - format: filter_c6: config1:61, mask:61
248 [140301993219840] INFO perfrun.perfcollector <> - format: edge: config:18, mask:18
248 [140301993219840] INFO perfrun.perfcollector <> - format: filter_isoc: config1:63, mask:63
248 [140301993219840] INFO perfrun.perfcollector <> - format: filter_tid: config1:0-5, mask:0-5
248 [140301993219840] INFO perfrun.perfcollector <> - format: filter_nid: config1:32-47, mask:32-47
248 [140301993219840] INFO perfrun.perfcollector <> - format: filter_nc: config1:62, mask:62
248 [140301993219840] INFO perfrun.perfcollector <> - format: umask: config:8-15, mask:8-15
248 [140301993219840] INFO perfrun.perfcollector <> - format: tid_en: config:19, mask:19
248 [140301993219840] INFO perfrun.perfcollector <> - format: thresh: config:24-31, mask:24-31
248 [140301993219840] INFO perfrun.perfcollector <> - format: filter_state: config1:17-23, mask:17-23
248 [140301993219840] INFO perfrun.perfcollector <> - format: filter_opc: config1:52-60, mask:52-60
248 [140301993219840] INFO perfrun.perfcollector <> - hwInfo: PERF_CBOX_PMU_DETAILS
248 [140301993219840] INFO perfrun.perfcollector <> - pmu caps: raw,format
248 [140301993219840] INFO perfrun.perfcollector <> - pmu added: uncore_cbox, idx: 9
248 [140301993219840] INFO perfrun.perfcollector <> - dir found: /sys/bus/event_source/devices/cstate_pkg
248 [140301993219840] INFO perfrun.perfcollector <> - format: event: config:0-63, mask:0-63
248 [140301993219840] INFO perfrun.perfcollector <> - hwInfo: not set, pmuFam: cstate_pkg
248 [140301993219840] INFO perfrun.perfcollector <> - pmu caps: raw,format,events
248 [140301993219840] INFO perfrun.perfcollector <> - pmu added: cstate_pkg, idx: 0
248 [140301993219840] INFO perfrun.perfcollector <> - dir found: /sys/bus/event_source/devices/uncore_imc_4
248 [140301993219840] INFO perfrun.perfcollector <> - format: event: config:0-7, mask:0-7
248 [140301993219840] INFO perfrun.perfcollector <> - format: edge: config:18, mask:18
248 [140301993219840] INFO perfrun.perfcollector <> - format: inv: config:23, mask:23
248 [140301993219840] INFO perfrun.perfcollector <> - format: umask: config:8-15, mask:8-15
248 [140301993219840] INFO perfrun.perfcollector <> - format: thresh: config:24-31, mask:24-31
248 [140301993219840] INFO perfrun.perfcollector <> - hwInfo: PERF_IMC_PMU_DETAILS
248 [140301993219840] INFO perfrun.perfcollector <> - pmu caps: raw,format,events
249 [140301993219840] INFO perfrun.perfcollector <> - pmu added: uncore_imc, idx: 4
249 [140301993219840] INFO perfrun.perfcollector <> - dir found: /sys/bus/event_source/devices/uncore_ubox
249 [140301993219840] INFO perfrun.perfcollector <> - format: event: config:0-7, mask:0-7
249 [140301993219840] INFO perfrun.perfcollector <> - format: edge: config:18, mask:18
249 [140301993219840] INFO perfrun.perfcollector <> - format: inv: config:23, mask:23
249 [140301993219840] INFO perfrun.perfcollector <> - format: umask: config:8-15, mask:8-15
249 [140301993219840] INFO perfrun.perfcollector <> - format: thresh: config:24-28, mask:24-28
249 [140301993219840] INFO perfrun.perfcollector <> - hwInfo: not set, pmuFam: uncore_ubox
249 [140301993219840] INFO perfrun.perfcollector <> - pmu caps: raw,format
249 [140301993219840] INFO perfrun.perfcollector <> - pmu added: uncore_ubox, idx: 0
249 [140301993219840] INFO perfrun.perfcollector <> - dir found: /sys/bus/event_source/devices/uncore_sbox_1
249 [140301993219840] INFO perfrun.perfcollector <> - format: event: config:0-7, mask:0-7
249 [140301993219840] INFO perfrun.perfcollector <> - format: edge: config:18, mask:18
249 [140301993219840] INFO perfrun.perfcollector <> - format: inv: config:23, mask:23
249 [140301993219840] INFO perfrun.perfcollector <> - format: umask: config:8-15, mask:8-15
249 [140301993219840] INFO perfrun.perfcollector <> - format: tid_en: config:19, mask:19
249 [140301993219840] INFO perfrun.perfcollector <> - format: thresh: config:24-31, mask:24-31
249 [140301993219840] INFO perfrun.perfcollector <> - hwInfo: not set, pmuFam: uncore_sbox
249 [140301993219840] INFO perfrun.perfcollector <> - pmu caps: raw,format
249 [140301993219840] INFO perfrun.perfcollector <> - pmu added: uncore_sbox, idx: 1
249 [140301993219840] INFO perfrun.perfcollector <> - dir found: /sys/bus/event_source/devices/uncore_cbox_7
249 [140301993219840] INFO perfrun.perfcollector <> - format: event: config:0-7, mask:0-7
249 [140301993219840] INFO perfrun.perfcollector <> - format: filter_link: config1:6-8, mask:6-8
249 [140301993219840] INFO perfrun.perfcollector <> - format: filter_c6: config1:61, mask:61
249 [140301993219840] INFO perfrun.perfcollector <> - format: edge: config:18, mask:18
250 [140301993219840] INFO perfrun.perfcollector <> - format: filter_isoc: config1:63, mask:63
250 [140301993219840] INFO perfrun.perfcollector <> - format: filter_tid: config1:0-5, mask:0-5
250 [140301993219840] INFO perfrun.perfcollector <> - format: filter_nid: config1:32-47, mask:32-47
250 [140301993219840] INFO perfrun.perfcollector <> - format: filter_nc: config1:62, mask:62
250 [140301993219840] INFO perfrun.perfcollector <> - format: umask: config:8-15, mask:8-15
250 [140301993219840] INFO perfrun.perfcollector <> - format: tid_en: config:19, mask:19
250 [140301993219840] INFO perfrun.perfcollector <> - format: thresh: config:24-31, mask:24-31
250 [140301993219840] INFO perfrun.perfcollector <> - format: filter_state: config1:17-23, mask:17-23
250 [140301993219840] INFO perfrun.perfcollector <> - format: filter_opc: config1:52-60, mask:52-60
250 [140301993219840] INFO perfrun.perfcollector <> - hwInfo: PERF_CBOX_PMU_DETAILS
250 [140301993219840] INFO perfrun.perfcollector <> - pmu caps: raw,format
250 [140301993219840] INFO perfrun.perfcollector <> - pmu added: uncore_cbox, idx: 7
250 [140301993219840] INFO perfrun.perfcollector <> - dir found: /sys/bus/event_source/devices/uncore_cbox_12
250 [140301993219840] INFO perfrun.perfcollector <> - format: event: config:0-7, mask:0-7
250 [140301993219840] INFO perfrun.perfcollector <> - format: filter_link: config1:6-8, mask:6-8
250 [140301993219840] INFO perfrun.perfcollector <> - format: filter_c6: config1:61, mask:61
250 [140301993219840] INFO perfrun.perfcollector <> - format: edge: config:18, mask:18
250 [140301993219840] INFO perfrun.perfcollector <> - format: filter_isoc: config1:63, mask:63
250 [140301993219840] INFO perfrun.perfcollector <> - format: filter_tid: config1:0-5, mask:0-5
250 [140301993219840] INFO perfrun.perfcollector <> - format: filter_nid: config1:32-47, mask:32-47
250 [140301993219840] INFO perfrun.perfcollector <> - format: filter_nc: config1:62, mask:62
250 [140301993219840] INFO perfrun.perfcollector <> - format: umask: config:8-15, mask:8-15
250 [140301993219840] INFO perfrun.perfcollector <> - format: tid_en: config:19, mask:19
251 [140301993219840] INFO perfrun.perfcollector <> - format: thresh: config:24-31, mask:24-31
251 [140301993219840] INFO perfrun.perfcollector <> - format: filter_state: config1:17-23, mask:17-23
251 [140301993219840] INFO perfrun.perfcollector <> - format: filter_opc: config1:52-60, mask:52-60
251 [140301993219840] INFO perfrun.perfcollector <> - hwInfo: PERF_CBOX_PMU_DETAILS
251 [140301993219840] INFO perfrun.perfcollector <> - pmu caps: raw,format
251 [140301993219840] INFO perfrun.perfcollector <> - pmu added: uncore_cbox, idx: 12
251 [140301993219840] INFO perfrun.perfcollector <> - dir found: /sys/bus/event_source/devices/kprobe
251 [140301993219840] INFO perfrun.perfcollector <> - format: retprobe: config:0, mask:0
251 [140301993219840] INFO perfrun.perfcollector <> - hwInfo: not set, pmuFam: kprobe
251 [140301993219840] INFO perfrun.perfcollector <> - pmu caps: raw,format
251 [140301993219840] INFO perfrun.perfcollector <> - pmu added: kprobe, idx: 0
251 [140301993219840] INFO perfrun.perfcollector <> - dir found: /sys/bus/event_source/devices/uncore_cbox_5
251 [140301993219840] INFO perfrun.perfcollector <> - format: event: config:0-7, mask:0-7
251 [140301993219840] INFO perfrun.perfcollector <> - format: filter_link: config1:6-8, mask:6-8
251 [140301993219840] INFO perfrun.perfcollector <> - format: filter_c6: config1:61, mask:61
251 [140301993219840] INFO perfrun.perfcollector <> - format: edge: config:18, mask:18
251 [140301993219840] INFO perfrun.perfcollector <> - format: filter_isoc: config1:63, mask:63
251 [140301993219840] INFO perfrun.perfcollector <> - format: filter_tid: config1:0-5, mask:0-5
251 [140301993219840] INFO perfrun.perfcollector <> - format: filter_nid: config1:32-47, mask:32-47
251 [140301993219840] INFO perfrun.perfcollector <> - format: filter_nc: config1:62, mask:62
251 [140301993219840] INFO perfrun.perfcollector <> - format: umask: config:8-15, mask:8-15
251 [140301993219840] INFO perfrun.perfcollector <> - format: tid_en: config:19, mask:19
251 [140301993219840] INFO perfrun.perfcollector <> - format: thresh: config:24-31, mask:24-31
251 [140301993219840] INFO perfrun.perfcollector <> - format: filter_state: config1:17-23, mask:17-23
251 [140301993219840] INFO perfrun.perfcollector <> - format: filter_opc: config1:52-60, mask:52-60
251 [140301993219840] INFO perfrun.perfcollector <> - hwInfo: PERF_CBOX_PMU_DETAILS
252 [140301993219840] INFO perfrun.perfcollector <> - pmu caps: raw,format
252 [140301993219840] INFO perfrun.perfcollector <> - pmu added: uncore_cbox, idx: 5
252 [140301993219840] INFO perfrun.perfcollector <> - dir found: /sys/bus/event_source/devices/uncore_imc_0
252 [140301993219840] INFO perfrun.perfcollector <> - format: event: config:0-7, mask:0-7
252 [140301993219840] INFO perfrun.perfcollector <> - format: edge: config:18, mask:18
252 [140301993219840] INFO perfrun.perfcollector <> - format: inv: config:23, mask:23
252 [140301993219840] INFO perfrun.perfcollector <> - format: umask: config:8-15, mask:8-15
252 [140301993219840] INFO perfrun.perfcollector <> - format: thresh: config:24-31, mask:24-31
252 [140301993219840] INFO perfrun.perfcollector <> - hwInfo: PERF_IMC_PMU_DETAILS
252 [140301993219840] INFO perfrun.perfcollector <> - pmu caps: raw,format,events
252 [140301993219840] INFO perfrun.perfcollector <> - pmu added: uncore_imc, idx: 0
252 [140301993219840] INFO perfrun.perfcollector <> - dir found: /sys/bus/event_source/devices/uncore_cbox_10
252 [140301993219840] INFO perfrun.perfcollector <> - format: event: config:0-7, mask:0-7
252 [140301993219840] INFO perfrun.perfcollector <> - format: filter_link: config1:6-8, mask:6-8
252 [140301993219840] INFO perfrun.perfcollector <> - format: filter_c6: config1:61, mask:61
252 [140301993219840] INFO perfrun.perfcollector <> - format: edge: config:18, mask:18
252 [140301993219840] INFO perfrun.perfcollector <> - format: filter_isoc: config1:63, mask:63
252 [140301993219840] INFO perfrun.perfcollector <> - format: filter_tid: config1:0-5, mask:0-5
252 [140301993219840] INFO perfrun.perfcollector <> - format: filter_nid: config1:32-47, mask:32-47
252 [140301993219840] INFO perfrun.perfcollector <> - format: filter_nc: config1:62, mask:62
252 [140301993219840] INFO perfrun.perfcollector <> - format: umask: config:8-15, mask:8-15
252 [140301993219840] INFO perfrun.perfcollector <> - format: tid_en: config:19, mask:19
252 [140301993219840] INFO perfrun.perfcollector <> - format: thresh: config:24-31, mask:24-31
252 [140301993219840] INFO perfrun.perfcollector <> - format: filter_state: config1:17-23, mask:17-23
253 [140301993219840] INFO perfrun.perfcollector <> - format: filter_opc: config1:52-60, mask:52-60
253 [140301993219840] INFO perfrun.perfcollector <> - hwInfo: PERF_CBOX_PMU_DETAILS
253 [140301993219840] INFO perfrun.perfcollector <> - pmu caps: raw,format
253 [140301993219840] INFO perfrun.perfcollector <> - pmu added: uncore_cbox, idx: 10
253 [140301993219840] INFO perfrun.perfcollector <> - dir found: /sys/bus/event_source/devices/uncore_pcu
253 [140301993219840] INFO perfrun.perfcollector <> - format: filter_band2: config1:16-23, mask:16-23
253 [140301993219840] INFO perfrun.perfcollector <> - format: event: config:0-7, mask:0-7
253 [140301993219840] INFO perfrun.perfcollector <> - format: filter_band0: config1:0-7, mask:0-7
253 [140301993219840] INFO perfrun.perfcollector <> - format: edge: config:18, mask:18
253 [140301993219840] INFO perfrun.perfcollector <> - format: occ_invert: config:30, mask:30
253 [140301993219840] INFO perfrun.perfcollector <> - format: occ_edge: config:14-51, mask:14-51
253 [140301993219840] INFO perfrun.perfcollector <> - format: filter_band3: config1:24-31, mask:24-31
253 [140301993219840] INFO perfrun.perfcollector <> - format: filter_band1: config1:8-15, mask:8-15
253 [140301993219840] INFO perfrun.perfcollector <> - format: inv: config:23, mask:23
253 [140301993219840] INFO perfrun.perfcollector <> - format: thresh: config:24-28, mask:24-28
253 [140301993219840] INFO perfrun.perfcollector <> - format: occ_sel: config:14-15, mask:14-15
253 [140301993219840] INFO perfrun.perfcollector <> - hwInfo: not set, pmuFam: uncore_pcu
253 [140301993219840] INFO perfrun.perfcollector <> - pmu caps: raw,format
253 [140301993219840] INFO perfrun.perfcollector <> - pmu added: uncore_pcu, idx: 0
253 [140301993219840] INFO perfrun.perfcollector <> - dir found: /sys/bus/event_source/devices/uncore_r3qpi_1
253 [140301993219840] INFO perfrun.perfcollector <> - format: event: config:0-7, mask:0-7
253 [140301993219840] INFO perfrun.perfcollector <> - format: edge: config:18, mask:18
253 [140301993219840] INFO perfrun.perfcollector <> - format: inv: config:23, mask:23
253 [140301993219840] INFO perfrun.perfcollector <> - format: umask: config:8-15, mask:8-15
254 [140301993219840] INFO perfrun.perfcollector <> - format: thresh: config:24-31, mask:24-31
254 [140301993219840] INFO perfrun.perfcollector <> - hwInfo: not set, pmuFam: uncore_r3qpi
254 [140301993219840] INFO perfrun.perfcollector <> - pmu caps: raw,format
254 [140301993219840] INFO perfrun.perfcollector <> - pmu added: uncore_r3qpi, idx: 1
254 [140301993219840] INFO perfrun.perfcollector <> - dir found: /sys/bus/event_source/devices/msr
254 [140301993219840] INFO perfrun.perfcollector <> - format: event: config:0-63, mask:0-63
254 [140301993219840] INFO perfrun.perfcollector <> - hwInfo: not set, pmuFam: msr
254 [140301993219840] INFO perfrun.perfcollector <> - pmu caps: raw,format,events
254 [140301993219840] INFO perfrun.perfcollector <> - pmu added: msr, idx: 0
254 [140301993219840] INFO perfrun.perfcollector <> - dir found: /sys/bus/event_source/devices/uncore_cbox_3
254 [140301993219840] INFO perfrun.perfcollector <> - format: event: config:0-7, mask:0-7
254 [140301993219840] INFO perfrun.perfcollector <> - format: filter_link: config1:6-8, mask:6-8
254 [140301993219840] INFO perfrun.perfcollector <> - format: filter_c6: config1:61, mask:61
254 [140301993219840] INFO perfrun.perfcollector <> - format: edge: config:18, mask:18
254 [140301993219840] INFO perfrun.perfcollector <> - format: filter_isoc: config1:63, mask:63
254 [140301993219840] INFO perfrun.perfcollector <> - format: filter_tid: config1:0-5, mask:0-5
254 [140301993219840] INFO perfrun.perfcollector <> - format: filter_nid: config1:32-47, mask:32-47
254 [140301993219840] INFO perfrun.perfcollector <> - format: filter_nc: config1:62, mask:62
254 [140301993219840] INFO perfrun.perfcollector <> - format: umask: config:8-15, mask:8-15
254 [140301993219840] INFO perfrun.perfcollector <> - format: tid_en: config:19, mask:19
254 [140301993219840] INFO perfrun.perfcollector <> - format: thresh: config:24-31, mask:24-31
254 [140301993219840] INFO perfrun.perfcollector <> - format: filter_state: config1:17-23, mask:17-23
254 [140301993219840] INFO perfrun.perfcollector <> - format: filter_opc: config1:52-60, mask:52-60
254 [140301993219840] INFO perfrun.perfcollector <> - hwInfo: PERF_CBOX_PMU_DETAILS
254 [140301993219840] INFO perfrun.perfcollector <> - pmu caps: raw,format
254 [140301993219840] INFO perfrun.perfcollector <> - pmu added: uncore_cbox, idx: 3
254 [140301993219840] INFO perfrun.perfcollector <> - dir found: /sys/bus/event_source/devices/intel_pt
255 [140301993219840] INFO perfrun.perfcollector <> - format: ptw: config:12, mask:12
255 [140301993219840] INFO perfrun.perfcollector <> - format: event: config:31, mask:31
255 [140301993219840] INFO perfrun.perfcollector <> - format: cyc_thresh: config:19-22, mask:19-22
255 [140301993219840] INFO perfrun.perfcollector <> - format: pt: config:0, mask:0
255 [140301993219840] INFO perfrun.perfcollector <> - format: notnt: config:55, mask:55
255 [140301993219840] INFO perfrun.perfcollector <> - format: branch: config:13, mask:13
255 [140301993219840] INFO perfrun.perfcollector <> - format: tsc: config:10, mask:10
255 [140301993219840] INFO perfrun.perfcollector <> - format: pwr_evt: config:4, mask:4
255 [140301993219840] INFO perfrun.perfcollector <> - format: fup_on_ptw: config:5, mask:5
255 [140301993219840] INFO perfrun.perfcollector <> - format: cyc: config:1, mask:1
255 [140301993219840] INFO perfrun.perfcollector <> - format: noretcomp: config:11, mask:11
255 [140301993219840] INFO perfrun.perfcollector <> - format: mtc: config:9, mask:9
255 [140301993219840] INFO perfrun.perfcollector <> - format: psb_period: config:24-27, mask:24-27
255 [140301993219840] INFO perfrun.perfcollector <> - format: mtc_period: config:14-17, mask:14-17
255 [140301993219840] INFO perfrun.perfcollector <> - hwInfo: not set, pmuFam: intel_pt
255 [140301993219840] INFO perfrun.perfcollector <> - pmu caps: raw,format
255 [140301993219840] INFO perfrun.perfcollector <> - pmu added: intel_pt, idx: 0
255 [140301993219840] INFO perfrun.perfcollector <> - dir found: /sys/bus/event_source/devices/uncore_ha_1
255 [140301993219840] INFO perfrun.perfcollector <> - format: event: config:0-7, mask:0-7
255 [140301993219840] INFO perfrun.perfcollector <> - format: edge: config:18, mask:18
255 [140301993219840] INFO perfrun.perfcollector <> - format: inv: config:23, mask:23
255 [140301993219840] INFO perfrun.perfcollector <> - format: umask: config:8-15, mask:8-15
256 [140301993219840] INFO perfrun.perfcollector <> - format: thresh: config:24-31, mask:24-31
256 [140301993219840] INFO perfrun.perfcollector <> - hwInfo: not set, pmuFam: uncore_ha
256 [140301993219840] INFO perfrun.perfcollector <> - pmu caps: raw,format
256 [140301993219840] INFO perfrun.perfcollector <> - pmu added: uncore_ha, idx: 1
256 [140301993219840] INFO perfrun.perfcollector <> - dir found: /sys/bus/event_source/devices/uncore_cbox_1
256 [140301993219840] INFO perfrun.perfcollector <> - format: event: config:0-7, mask:0-7
256 [140301993219840] INFO perfrun.perfcollector <> - format: filter_link: config1:6-8, mask:6-8
256 [140301993219840] INFO perfrun.perfcollector <> - format: filter_c6: config1:61, mask:61
256 [140301993219840] INFO perfrun.perfcollector <> - format: edge: config:18, mask:18
256 [140301993219840] INFO perfrun.perfcollector <> - format: filter_isoc: config1:63, mask:63
256 [140301993219840] INFO perfrun.perfcollector <> - format: filter_tid: config1:0-5, mask:0-5
256 [140301993219840] INFO perfrun.perfcollector <> - format: filter_nid: config1:32-47, mask:32-47
256 [140301993219840] INFO perfrun.perfcollector <> - format: filter_nc: config1:62, mask:62
256 [140301993219840] INFO perfrun.perfcollector <> - format: umask: config:8-15, mask:8-15
256 [140301993219840] INFO perfrun.perfcollector <> - format: tid_en: config:19, mask:19
256 [140301993219840] INFO perfrun.perfcollector <> - format: thresh: config:24-31, mask:24-31
256 [140301993219840] INFO perfrun.perfcollector <> - format: filter_state: config1:17-23, mask:17-23
256 [140301993219840] INFO perfrun.perfcollector <> - format: filter_opc: config1:52-60, mask:52-60
256 [140301993219840] INFO perfrun.perfcollector <> - hwInfo: PERF_CBOX_PMU_DETAILS
256 [140301993219840] INFO perfrun.perfcollector <> - pmu caps: raw,format
256 [140301993219840] INFO perfrun.perfcollector <> - pmu added: uncore_cbox, idx: 1
256 [140301993219840] INFO perfrun.perfcollector <> - Perf tool path: /opt/intel/oneapi/vtune/2024.2/bin64/amplxe-perf
256 [140301993219840] INFO perfrun.perfcollector <> - Data directory: /tmp/amplxe-tmp-dragos.boncan/amplxe-res-3350218-47531290990676136/data.0
256 [140301993219840] INFO perfrun.perfcollector <> - Temp directory: /tmp/amplxe-tmp-dragos.boncan
256 [140301993219840] INFO perfrun.perfcollector <> - Perf sync path: /opt/intel/oneapi/vtune/2024.2/bin64/amplxe-perf-sync
256 [140301993219840] INFO perfrun.perfcollector <> - Hypervisor = None
256 [140301993219840] INFO perfrun.perfcollector <> - Counting mode is requested
256 [140301993219840] INFO perfrun.perfcollector <> - Sample after multiplier: 1
257 [140301993219840] INFO perfrun.sdk <> - runCmd: /opt/intel/oneapi/vtune/2024.2/bin64/sep -dry-run -sam 1 -ec CPU_CLK_UNHALTED.THREAD:sa=2400000,CPU_CLK_UNHALTED.REF_TSC:sample:sa=2400000,INST_RETIRED.ANY:sample:sa=2400000,CPU_CLK_UNHALTED.REF_XCLK:sa=100003,CPU_CLK_UNHALTED.ONE_THREAD_ACTIVE:sa=100003,UOPS_RETIRED.RETIRE_SLOTS:sample:sa=2000003,FP_ARITH_INST_RETIRED.SCALAR_SINGLE:sa=2000003,FP_ARITH_INST_RETIRED.128B_PACKED_SINGLE:sa=2000003,FP_ARITH_INST_RETIRED.256B_PACKED_SINGLE:sa=2000003,FP_ARITH_INST_RETIRED.SCALAR_DOUBLE:sa=2000003,FP_ARITH_INST_RETIRED.128B_PACKED_DOUBLE:sa=2000003,FP_ARITH_INST_RETIRED.256B_PACKED_DOUBLE:sa=2000003,INST_RETIRED.X87:sa=2000003,UOPS_EXECUTED.THREAD:sa=2000003,CPU_CLK_UNHALTED.THREAD_P,CYCLE_ACTIVITY.STALLS_MEM_ANY:sa=2000003,CYCLE_ACTIVITY.STALLS_TOTAL:sa=2000003,IDQ_UOPS_NOT_DELIVERED.CORE:sa=2000003,IDQ_UOPS_NOT_DELIVERED.CYCLES_0_UOPS_DELIV.CORE:sa=2000003,INT_MISC.RECOVERY_CYCLES:sa=2000003,RESOURCE_STALLS.SB:sa=2000003,RS_EVENTS.EMPTY_CYCLES:sa=2000003,RS_EVENTS.EMPTY_END,UOPS_EXECUTED.CYCLES_GE_1_UOP_EXEC:sa=2000003,UOPS_EXECUTED.CYCLES_GE_2_UOPS_EXEC:sa=2000003,UOPS_EXECUTED.CYCLES_GE_3_UOPS_EXEC:sa=2000003,UOPS_ISSUED.ANY:sa=2000003,CYCLE_ACTIVITY.STALLS_L1D_MISS:sa=2000003,CYCLE_ACTIVITY.STALLS_L2_MISS:sa=2000003,MEM_LOAD_UOPS_RETIRED.L3_HIT_PS:sa=50003,MEM_LOAD_UOPS_RETIRED.L3_MISS_PS:sa=100003,UOPS_EXECUTED.CORE:cmask=1:sa=2000003,UOPS_EXECUTED.CORE:cmask=2:sa=2000003,UOPS_EXECUTED.CORE:cmask=3:sa=2000003,OFFCORE_REQUESTS_OUTSTANDING.ALL_DATA_RD:cmask=4:sa=2000003,OFFCORE_REQUESTS_OUTSTANDING.CYCLES_WITH_DATA_RD:sa=2000003,MEM_UOPS_RETIRED.ALL_LOADS_PS:sa=100003,MEM_UOPS_RETIRED.ALL_STORES_PS:sa=100003,MEM_LOAD_UOPS_L3_MISS_RETIRED.LOCAL_DRAM_PS:sa=100003,MEM_LOAD_UOPS_L3_MISS_RETIRED.REMOTE_DRAM_PS:sa=100003,MEM_LOAD_UOPS_L3_MISS_RETIRED.REMOTE_HITM_PS:sa=100003,MEM_LOAD_UOPS_L3_MISS_RETIRED.REMOTE_FWD_PS:sa=100003,OFFCORE_RESPONSE:request=ALL_READS:response=LLC_MISS.LOCAL_DRAM:sa=100003,OFFCORE_RESPONSE:request=ALL_READS:response=LLC_MISS.REMOTE_DRAM:sa=100003,DTLB_LOAD_MISSES.STLB_HIT,DTLB_LOAD_MISSES.WALK_COMPLETED,DTLB_LOAD_MISSES.WALK_DURATION:cmask=1,DTLB_STORE_MISSES.STLB_HIT,DTLB_STORE_MISSES.WALK_COMPLETED,DTLB_STORE_MISSES.WALK_DURATION:cmask=1,L1D_PEND_MISS.FB_FULL:cmask=1,L1D_PEND_MISS.PENDING,L2_RQSTS.RFO_HIT,LD_BLOCKS.NO_SR,LD_BLOCKS.STORE_FORWARD,LD_BLOCKS_PARTIAL.ADDRESS_ALIAS,MEM_LOAD_UOPS_L3_HIT_RETIRED.XSNP_HITM_PS,MEM_LOAD_UOPS_L3_HIT_RETIRED.XSNP_HIT_PS,MEM_LOAD_UOPS_L3_HIT_RETIRED.XSNP_MISS_PS,MEM_LOAD_UOPS_RETIRED.HIT_LFB_PS,MEM_LOAD_UOPS_RETIRED.L1_HIT_PS,MEM_LOAD_UOPS_RETIRED.L1_MISS,MEM_LOAD_UOPS_RETIRED.L2_HIT_PS,MEM_UOPS_RETIRED.LOCK_LOADS_PS,MEM_UOPS_RETIRED.SPLIT_LOADS_PS,MEM_UOPS_RETIRED.SPLIT_STORES_PS,MEM_UOPS_RETIRED.STLB_MISS_LOADS_PS,MEM_UOPS_RETIRED.STLB_MISS_STORES_PS,OFFCORE_REQUESTS_BUFFER.SQ_FULL,OFFCORE_REQUESTS_OUTSTANDING.CYCLES_WITH_DEMAND_RFO -experimental
258 [140301993219840] INFO perfrun.sdk <> - runCmd started PID 3350222
292 [140301993219840] INFO perfrun.perfcollector <> - SepDryRun RC = true
293 [140301993219840] INFO perfrun.perfcollector <> - Loading SEP event configuration
293 [140301993219840] INFO perfrun.perfcollector <> - pmu: cpu
293 [140301993219840] INFO perfrun.perfcollector <> - group_id: 0
293 [140301993219840] INFO perfrun.perfcollector <> - event_id: 2: INST_RETIRED.ANY
293 [140301993219840] INFO perfrun.perfcollector <> - event_id: 0: CPU_CLK_UNHALTED.THREAD
293 [140301993219840] INFO perfrun.perfcollector <> - event_id: 1: CPU_CLK_UNHALTED.REF_TSC
293 [140301993219840] INFO perfrun.perfcollector <> - event_id: 42: OFFCORE_RESPONSE:request=ALL_READS:response=LLC_MISS.LOCAL_DRAM
293 [140301993219840] INFO perfrun.perfcollector <> - event_id: 43: OFFCORE_RESPONSE:request=ALL_READS:response=LLC_MISS.REMOTE_DRAM
293 [140301993219840] INFO perfrun.perfcollector <> - event_id: 27: CYCLE_ACTIVITY.STALLS_L1D_MISS
293 [140301993219840] INFO perfrun.perfcollector <> - event_id: 3: CPU_CLK_UNHALTED.REF_XCLK
293 [140301993219840] INFO perfrun.perfcollector <> - event_id: 42: cccr: addr: 186, value: 5301b7
293 [140301993219840] INFO perfrun.perfcollector <> - event_id: 43: cccr: addr: 187, value: 5301bb
293 [140301993219840] INFO perfrun.perfcollector <> - event_id: 27: cccr: addr: 188, value: c530ca3
293 [140301993219840] INFO perfrun.perfcollector <> - event_id: 3: cccr: addr: 189, value: 53013c
293 [140301993219840] INFO perfrun.perfcollector <> - event_id: 42: offcore_rsp: addr: 1a6, value: 6040007f7
293 [140301993219840] INFO perfrun.perfcollector <> - event_id: 43: offcore_rsp: addr: 1a7, value: 63bc007f7
293 [140301993219840] INFO perfrun.perfcollector <> - event_id: 2: data: addr: 309, value: ffffffffffdb6100
293 [140301993219840] INFO perfrun.perfcollector <> - event_id: 0: data: addr: 30a, value: ffffffffffdb6100
293 [140301993219840] INFO perfrun.perfcollector <> - event_id: 1: data: addr: 30b, value: ffffffffffdb6100
293 [140301993219840] INFO perfrun.perfcollector <> - event_id: 42: data: addr: c1, value: fffffffffffe795d
293 [140301993219840] INFO perfrun.perfcollector <> - event_id: 43: data: addr: c2, value: fffffffffffe795d
293 [140301993219840] INFO perfrun.perfcollector <> - event_id: 27: data: addr: c3, value: ffffffffffe17b7d
293 [140301993219840] INFO perfrun.perfcollector <> - event_id: 3: data: addr: c4, value: fffffffffffe795d
293 [140301993219840] INFO perfrun.perfcollector <> - group_id: 1
293 [140301993219840] INFO perfrun.perfcollector <> - event_id: 2: INST_RETIRED.ANY
293 [140301993219840] INFO perfrun.perfcollector <> - event_id: 0: CPU_CLK_UNHALTED.THREAD
293 [140301993219840] INFO perfrun.perfcollector <> - event_id: 1: CPU_CLK_UNHALTED.REF_TSC
293 [140301993219840] INFO perfrun.perfcollector <> - event_id: 4: CPU_CLK_UNHALTED.ONE_THREAD_ACTIVE
293 [140301993219840] INFO perfrun.perfcollector <> - event_id: 5: UOPS_RETIRED.RETIRE_SLOTS
293 [140301993219840] INFO perfrun.perfcollector <> - event_id: 51: L1D_PEND_MISS.PENDING
293 [140301993219840] INFO perfrun.perfcollector <> - event_id: 6: FP_ARITH_INST_RETIRED.SCALAR_SINGLE
293 [140301993219840] INFO perfrun.perfcollector <> - event_id: 4: cccr: addr: 186, value: 53023c
293 [140301993219840] INFO perfrun.perfcollector <> - event_id: 5: cccr: addr: 187, value: 5302c2
293 [140301993219840] INFO perfrun.perfcollector <> - event_id: 51: cccr: addr: 188, value: 530148
293 [140301993219840] INFO perfrun.perfcollector <> - event_id: 6: cccr: addr: 189, value: 5302c7
293 [140301993219840] INFO perfrun.perfcollector <> - event_id: 2: data: addr: 309, value: ffffffffffdb6100
293 [140301993219840] INFO perfrun.perfcollector <> - event_id: 0: data: addr: 30a, value: ffffffffffdb6100
293 [140301993219840] INFO perfrun.perfcollector <> - event_id: 1: data: addr: 30b, value: ffffffffffdb6100
293 [140301993219840] INFO perfrun.perfcollector <> - event_id: 4: data: addr: c1, value: fffffffffffe795d
293 [140301993219840] INFO perfrun.perfcollector <> - event_id: 5: data: addr: c2, value: ffffffffffe17b7d
293 [140301993219840] INFO perfrun.perfcollector <> - event_id: 51: data: addr: c3, value: ffffffffffe17b7d
293 [140301993219840] INFO perfrun.perfcollector <> - event_id: 6: data: addr: c4, value: ffffffffffe17b7d
293 [140301993219840] INFO perfrun.perfcollector <> - group_id: 2
293 [140301993219840] INFO perfrun.perfcollector <> - event_id: 2: INST_RETIRED.ANY
293 [140301993219840] INFO perfrun.perfcollector <> - event_id: 0: CPU_CLK_UNHALTED.THREAD
293 [140301993219840] INFO perfrun.perfcollector <> - event_id: 1: CPU_CLK_UNHALTED.REF_TSC
293 [140301993219840] INFO perfrun.perfcollector <> - event_id: 7: FP_ARITH_INST_RETIRED.128B_PACKED_SINGLE
293 [140301993219840] INFO perfrun.perfcollector <> - event_id: 8: FP_ARITH_INST_RETIRED.256B_PACKED_SINGLE
293 [140301993219840] INFO perfrun.perfcollector <> - event_id: 9: FP_ARITH_INST_RETIRED.SCALAR_DOUBLE
293 [140301993219840] INFO perfrun.perfcollector <> - event_id: 10: FP_ARITH_INST_RETIRED.128B_PACKED_DOUBLE
293 [140301993219840] INFO perfrun.perfcollector <> - event_id: 7: cccr: addr: 186, value: 5308c7
293 [140301993219840] INFO perfrun.perfcollector <> - event_id: 8: cccr: addr: 187, value: 5320c7
293 [140301993219840] INFO perfrun.perfcollector <> - event_id: 9: cccr: addr: 188, value: 5301c7
293 [140301993219840] INFO perfrun.perfcollector <> - event_id: 10: cccr: addr: 189, value: 5304c7
293 [140301993219840] INFO perfrun.perfcollector <> - event_id: 2: data: addr: 309, value: ffffffffffdb6100
293 [140301993219840] INFO perfrun.perfcollector <> - event_id: 0: data: addr: 30a, value: ffffffffffdb6100
293 [140301993219840] INFO perfrun.perfcollector <> - event_id: 1: data: addr: 30b, value: ffffffffffdb6100
294 [140301993219840] INFO perfrun.perfcollector <> - event_id: 7: data: addr: c1, value: ffffffffffe17b7d
294 [140301993219840] INFO perfrun.perfcollector <> - event_id: 8: data: addr: c2, value: ffffffffffe17b7d
294 [140301993219840] INFO perfrun.perfcollector <> - event_id: 9: data: addr: c3, value: ffffffffffe17b7d
294 [140301993219840] INFO perfrun.perfcollector <> - event_id: 10: data: addr: c4, value: ffffffffffe17b7d
294 [140301993219840] INFO perfrun.perfcollector <> - group_id: 3
294 [140301993219840] INFO perfrun.perfcollector <> - event_id: 2: INST_RETIRED.ANY
294 [140301993219840] INFO perfrun.perfcollector <> - event_id: 0: CPU_CLK_UNHALTED.THREAD
294 [140301993219840] INFO perfrun.perfcollector <> - event_id: 1: CPU_CLK_UNHALTED.REF_TSC
294 [140301993219840] INFO perfrun.perfcollector <> - event_id: 11: FP_ARITH_INST_RETIRED.256B_PACKED_DOUBLE
294 [140301993219840] INFO perfrun.perfcollector <> - event_id: 12: INST_RETIRED.X87
294 [140301993219840] INFO perfrun.perfcollector <> - event_id: 13: UOPS_EXECUTED.THREAD
294 [140301993219840] INFO perfrun.perfcollector <> - event_id: 14: CPU_CLK_UNHALTED.THREAD_P
294 [140301993219840] INFO perfrun.perfcollector <> - event_id: 11: cccr: addr: 186, value: 5310c7
294 [140301993219840] INFO perfrun.perfcollector <> - event_id: 12: cccr: addr: 187, value: 5302c0
294 [140301993219840] INFO perfrun.perfcollector <> - event_id: 13: cccr: addr: 188, value: 5301b1
294 [140301993219840] INFO perfrun.perfcollector <> - event_id: 14: cccr: addr: 189, value: 53003c
294 [140301993219840] INFO perfrun.perfcollector <> - event_id: 2: data: addr: 309, value: ffffffffffdb6100
294 [140301993219840] INFO perfrun.perfcollector <> - event_id: 0: data: addr: 30a, value: ffffffffffdb6100
294 [140301993219840] INFO perfrun.perfcollector <> - event_id: 1: data: addr: 30b, value: ffffffffffdb6100
294 [140301993219840] INFO perfrun.perfcollector <> - event_id: 11: data: addr: c1, value: ffffffffffe17b7d
294 [140301993219840] INFO perfrun.perfcollector <> - event_id: 12: data: addr: c2, value: ffffffffffe17b7d
294 [140301993219840] INFO perfrun.perfcollector <> - event_id: 13: data: addr: c3, value: ffffffffffe17b7d
294 [140301993219840] INFO perfrun.perfcollector <> - event_id: 14: data: addr: c4, value: ffffffffffe17b7d
294 [140301993219840] INFO perfrun.perfcollector <> - group_id: 4
294 [140301993219840] INFO perfrun.perfcollector <> - event_id: 2: INST_RETIRED.ANY
294 [140301993219840] INFO perfrun.perfcollector <> - event_id: 0: CPU_CLK_UNHALTED.THREAD
294 [140301993219840] INFO perfrun.perfcollector <> - event_id: 1: CPU_CLK_UNHALTED.REF_TSC
294 [140301993219840] INFO perfrun.perfcollector <> - event_id: 15: CYCLE_ACTIVITY.STALLS_MEM_ANY
294 [140301993219840] INFO perfrun.perfcollector <> - event_id: 16: CYCLE_ACTIVITY.STALLS_TOTAL
294 [140301993219840] INFO perfrun.perfcollector <> - event_id: 17: IDQ_UOPS_NOT_DELIVERED.CORE
294 [140301993219840] INFO perfrun.perfcollector <> - event_id: 18: IDQ_UOPS_NOT_DELIVERED.CYCLES_0_UOPS_DELIV.CORE
294 [140301993219840] INFO perfrun.perfcollector <> - event_id: 15: cccr: addr: 186, value: 65306a3
294 [140301993219840] INFO perfrun.perfcollector <> - event_id: 16: cccr: addr: 187, value: 45304a3
294 [140301993219840] INFO perfrun.perfcollector <> - event_id: 17: cccr: addr: 188, value: 53019c
294 [140301993219840] INFO perfrun.perfcollector <> - event_id: 18: cccr: addr: 189, value: 453019c
294 [140301993219840] INFO perfrun.perfcollector <> - event_id: 2: data: addr: 309, value: ffffffffffdb6100
294 [140301993219840] INFO perfrun.perfcollector <> - event_id: 0: data: addr: 30a, value: ffffffffffdb6100
294 [140301993219840] INFO perfrun.perfcollector <> - event_id: 1: data: addr: 30b, value: ffffffffffdb6100
294 [140301993219840] INFO perfrun.perfcollector <> - event_id: 15: data: addr: c1, value: ffffffffffe17b7d
294 [140301993219840] INFO perfrun.perfcollector <> - event_id: 16: data: addr: c2, value: ffffffffffe17b7d
294 [140301993219840] INFO perfrun.perfcollector <> - event_id: 17: data: addr: c3, value: ffffffffffe17b7d
294 [140301993219840] INFO perfrun.perfcollector <> - event_id: 18: data: addr: c4, value: ffffffffffe17b7d
294 [140301993219840] INFO perfrun.perfcollector <> - group_id: 5
294 [140301993219840] INFO perfrun.perfcollector <> - event_id: 2: INST_RETIRED.ANY
294 [140301993219840] INFO perfrun.perfcollector <> - event_id: 0: CPU_CLK_UNHALTED.THREAD
294 [140301993219840] INFO perfrun.perfcollector <> - event_id: 1: CPU_CLK_UNHALTED.REF_TSC
294 [140301993219840] INFO perfrun.perfcollector <> - event_id: 19: INT_MISC.RECOVERY_CYCLES
294 [140301993219840] INFO perfrun.perfcollector <> - event_id: 20: RESOURCE_STALLS.SB
294 [140301993219840] INFO perfrun.perfcollector <> - event_id: 21: RS_EVENTS.EMPTY_CYCLES
294 [140301993219840] INFO perfrun.perfcollector <> - event_id: 22: RS_EVENTS.EMPTY_END
294 [140301993219840] INFO perfrun.perfcollector <> - event_id: 19: cccr: addr: 186, value: 153030d
294 [140301993219840] INFO perfrun.perfcollector <> - event_id: 20: cccr: addr: 187, value: 5308a2
294 [140301993219840] INFO perfrun.perfcollector <> - event_id: 21: cccr: addr: 188, value: 53015e
294 [140301993219840] INFO perfrun.perfcollector <> - event_id: 22: cccr: addr: 189, value: 1d7015e
294 [140301993219840] INFO perfrun.perfcollector <> - event_id: 2: data: addr: 309, value: ffffffffffdb6100
294 [140301993219840] INFO perfrun.perfcollector <> - event_id: 0: data: addr: 30a, value: ffffffffffdb6100
294 [140301993219840] INFO perfrun.perfcollector <> - event_id: 1: data: addr: 30b, value: ffffffffffdb6100
294 [140301993219840] INFO perfrun.perfcollector <> - event_id: 19: data: addr: c1, value: ffffffffffe17b7d
294 [140301993219840] INFO perfrun.perfcollector <> - event_id: 20: data: addr: c2, value: ffffffffffe17b7d
294 [140301993219840] INFO perfrun.perfcollector <> - event_id: 21: data: addr: c3, value: ffffffffffe17b7d
294 [140301993219840] INFO perfrun.perfcollector <> - event_id: 22: data: addr: c4, value: fffffffffffcf2bd
294 [140301993219840] INFO perfrun.perfcollector <> - group_id: 6
294 [140301993219840] INFO perfrun.perfcollector <> - event_id: 2: INST_RETIRED.ANY
294 [140301993219840] INFO perfrun.perfcollector <> - event_id: 0: CPU_CLK_UNHALTED.THREAD
294 [140301993219840] INFO perfrun.perfcollector <> - event_id: 1: CPU_CLK_UNHALTED.REF_TSC
294 [140301993219840] INFO perfrun.perfcollector <> - event_id: 23: UOPS_EXECUTED.CYCLES_GE_1_UOP_EXEC
294 [140301993219840] INFO perfrun.perfcollector <> - event_id: 24: UOPS_EXECUTED.CYCLES_GE_2_UOPS_EXEC
294 [140301993219840] INFO perfrun.perfcollector <> - event_id: 25: UOPS_EXECUTED.CYCLES_GE_3_UOPS_EXEC
294 [140301993219840] INFO perfrun.perfcollector <> - event_id: 26: UOPS_ISSUED.ANY
294 [140301993219840] INFO perfrun.perfcollector <> - event_id: 23: cccr: addr: 186, value: 15301b1
295 [140301993219840] INFO perfrun.perfcollector <> - event_id: 24: cccr: addr: 187, value: 25301b1
295 [140301993219840] INFO perfrun.perfcollector <> - event_id: 25: cccr: addr: 188, value: 35301b1
295 [140301993219840] INFO perfrun.perfcollector <> - event_id: 26: cccr: addr: 189, value: 53010e
295 [140301993219840] INFO perfrun.perfcollector <> - event_id: 2: data: addr: 309, value: ffffffffffdb6100
295 [140301993219840] INFO perfrun.perfcollector <> - event_id: 0: data: addr: 30a, value: ffffffffffdb6100
295 [140301993219840] INFO perfrun.perfcollector <> - event_id: 1: data: addr: 30b, value: ffffffffffdb6100
295 [140301993219840] INFO perfrun.perfcollector <> - event_id: 23: data: addr: c1, value: ffffffffffe17b7d
295 [140301993219840] INFO perfrun.perfcollector <> - event_id: 24: data: addr: c2, value: ffffffffffe17b7d
295 [140301993219840] INFO perfrun.perfcollector <> - event_id: 25: data: addr: c3, value: ffffffffffe17b7d
295 [140301993219840] INFO perfrun.perfcollector <> - event_id: 26: data: addr: c4, value: ffffffffffe17b7d
295 [140301993219840] INFO perfrun.perfcollector <> - group_id: 7
295 [140301993219840] INFO perfrun.perfcollector <> - event_id: 2: INST_RETIRED.ANY
295 [140301993219840] INFO perfrun.perfcollector <> - event_id: 0: CPU_CLK_UNHALTED.THREAD
295 [140301993219840] INFO perfrun.perfcollector <> - event_id: 1: CPU_CLK_UNHALTED.REF_TSC
295 [140301993219840] INFO perfrun.perfcollector <> - event_id: 28: CYCLE_ACTIVITY.STALLS_L2_MISS
295 [140301993219840] INFO perfrun.perfcollector <> - event_id: 29: MEM_LOAD_UOPS_RETIRED.L3_HIT_PS
295 [140301993219840] INFO perfrun.perfcollector <> - event_id: 30: MEM_LOAD_UOPS_RETIRED.L3_MISS_PS
295 [140301993219840] INFO perfrun.perfcollector <> - event_id: 31: UOPS_EXECUTED.CORE:cmask=1
295 [140301993219840] INFO perfrun.perfcollector <> - event_id: 28: cccr: addr: 186, value: 55305a3
295 [140301993219840] INFO perfrun.perfcollector <> - event_id: 29: cccr: addr: 187, value: 4304d1
295 [140301993219840] INFO perfrun.perfcollector <> - event_id: 30: cccr: addr: 188, value: 4320d1
295 [140301993219840] INFO perfrun.perfcollector <> - event_id: 31: cccr: addr: 189, value: 15302b1
295 [140301993219840] INFO perfrun.perfcollector <> - event_id: 2: data: addr: 309, value: ffffffffffdb6100
295 [140301993219840] INFO perfrun.perfcollector <> - event_id: 0: data: addr: 30a, value: ffffffffffdb6100
295 [140301993219840] INFO perfrun.perfcollector <> - event_id: 1: data: addr: 30b, value: ffffffffffdb6100
295 [140301993219840] INFO perfrun.perfcollector <> - event_id: 28: data: addr: c1, value: ffffffffffe17b7d
295 [140301993219840] INFO perfrun.perfcollector <> - event_id: 29: data: addr: c2, value: ffffffffffff3cad
295 [140301993219840] INFO perfrun.perfcollector <> - event_id: 30: data: addr: c3, value: fffffffffffe795d
295 [140301993219840] INFO perfrun.perfcollector <> - event_id: 31: data: addr: c4, value: ffffffffffe17b7d
295 [140301993219840] INFO perfrun.perfcollector <> - group_id: 8
295 [140301993219840] INFO perfrun.perfcollector <> - event_id: 2: INST_RETIRED.ANY
295 [140301993219840] INFO perfrun.perfcollector <> - event_id: 0: CPU_CLK_UNHALTED.THREAD
295 [140301993219840] INFO perfrun.perfcollector <> - event_id: 1: CPU_CLK_UNHALTED.REF_TSC
295 [140301993219840] INFO perfrun.perfcollector <> - event_id: 32: UOPS_EXECUTED.CORE:cmask=2
295 [140301993219840] INFO perfrun.perfcollector <> - event_id: 33: UOPS_EXECUTED.CORE:cmask=3
295 [140301993219840] INFO perfrun.perfcollector <> - event_id: 34: OFFCORE_REQUESTS_OUTSTANDING.ALL_DATA_RD:cmask=4
295 [140301993219840] INFO perfrun.perfcollector <> - event_id: 35: OFFCORE_REQUESTS_OUTSTANDING.CYCLES_WITH_DATA_RD
295 [140301993219840] INFO perfrun.perfcollector <> - event_id: 32: cccr: addr: 186, value: 25302b1
295 [140301993219840] INFO perfrun.perfcollector <> - event_id: 33: cccr: addr: 187, value: 35302b1
295 [140301993219840] INFO perfrun.perfcollector <> - event_id: 34: cccr: addr: 188, value: 4530860
295 [140301993219840] INFO perfrun.perfcollector <> - event_id: 35: cccr: addr: 189, value: 1530860
295 [140301993219840] INFO perfrun.perfcollector <> - event_id: 2: data: addr: 309, value: ffffffffffdb6100
295 [140301993219840] INFO perfrun.perfcollector <> - event_id: 0: data: addr: 30a, value: ffffffffffdb6100
295 [140301993219840] INFO perfrun.perfcollector <> - event_id: 1: data: addr: 30b, value: ffffffffffdb6100
295 [140301993219840] INFO perfrun.perfcollector <> - event_id: 32: data: addr: c1, value: ffffffffffe17b7d
295 [140301993219840] INFO perfrun.perfcollector <> - event_id: 33: data: addr: c2, value: ffffffffffe17b7d
295 [140301993219840] INFO perfrun.perfcollector <> - event_id: 34: data: addr: c3, value: ffffffffffe17b7d
295 [140301993219840] INFO perfrun.perfcollector <> - event_id: 35: data: addr: c4, value: ffffffffffe17b7d
295 [140301993219840] INFO perfrun.perfcollector <> - group_id: 9
295 [140301993219840] INFO perfrun.perfcollector <> - event_id: 2: INST_RETIRED.ANY
295 [140301993219840] INFO perfrun.perfcollector <> - event_id: 0: CPU_CLK_UNHALTED.THREAD
295 [140301993219840] INFO perfrun.perfcollector <> - event_id: 1: CPU_CLK_UNHALTED.REF_TSC
295 [140301993219840] INFO perfrun.perfcollector <> - event_id: 36: MEM_UOPS_RETIRED.ALL_LOADS_PS
295 [140301993219840] INFO perfrun.perfcollector <> - event_id: 37: MEM_UOPS_RETIRED.ALL_STORES_PS
295 [140301993219840] INFO perfrun.perfcollector <> - event_id: 38: MEM_LOAD_UOPS_L3_MISS_RETIRED.LOCAL_DRAM_PS
295 [140301993219840] INFO perfrun.perfcollector <> - event_id: 39: MEM_LOAD_UOPS_L3_MISS_RETIRED.REMOTE_DRAM_PS
295 [140301993219840] INFO perfrun.perfcollector <> - event_id: 36: cccr: addr: 186, value: 4381d0
295 [140301993219840] INFO perfrun.perfcollector <> - event_id: 37: cccr: addr: 187, value: 4382d0
295 [140301993219840] INFO perfrun.perfcollector <> - event_id: 38: cccr: addr: 188, value: 4301d3
295 [140301993219840] INFO perfrun.perfcollector <> - event_id: 39: cccr: addr: 189, value: 4304d3
295 [140301993219840] INFO perfrun.perfcollector <> - event_id: 2: data: addr: 309, value: ffffffffffdb6100
295 [140301993219840] INFO perfrun.perfcollector <> - event_id: 0: data: addr: 30a, value: ffffffffffdb6100
295 [140301993219840] INFO perfrun.perfcollector <> - event_id: 1: data: addr: 30b, value: ffffffffffdb6100
295 [140301993219840] INFO perfrun.perfcollector <> - event_id: 36: data: addr: c1, value: fffffffffffe795d
295 [140301993219840] INFO perfrun.perfcollector <> - event_id: 37: data: addr: c2, value: fffffffffffe795d
295 [140301993219840] INFO perfrun.perfcollector <> - event_id: 38: data: addr: c3, value: fffffffffffe795d
295 [140301993219840] INFO perfrun.perfcollector <> - event_id: 39: data: addr: c4, value: fffffffffffe795d
295 [140301993219840] INFO perfrun.perfcollector <> - group_id: 10
295 [140301993219840] INFO perfrun.perfcollector <> - event_id: 2: INST_RETIRED.ANY
295 [140301993219840] INFO perfrun.perfcollector <> - event_id: 0: CPU_CLK_UNHALTED.THREAD
295 [140301993219840] INFO perfrun.perfcollector <> - event_id: 1: CPU_CLK_UNHALTED.REF_TSC
295 [140301993219840] INFO perfrun.perfcollector <> - event_id: 40: MEM_LOAD_UOPS_L3_MISS_RETIRED.REMOTE_HITM_PS
295 [140301993219840] INFO perfrun.perfcollector <> - event_id: 41: MEM_LOAD_UOPS_L3_MISS_RETIRED.REMOTE_FWD_PS
296 [140301993219840] INFO perfrun.perfcollector <> - event_id: 44: DTLB_LOAD_MISSES.STLB_HIT
296 [140301993219840] INFO perfrun.perfcollector <> - event_id: 45: DTLB_LOAD_MISSES.WALK_COMPLETED
296 [140301993219840] INFO perfrun.perfcollector <> - event_id: 40: cccr: addr: 186, value: 4310d3
296 [140301993219840] INFO perfrun.perfcollector <> - event_id: 41: cccr: addr: 187, value: 4320d3
296 [140301993219840] INFO perfrun.perfcollector <> - event_id: 44: cccr: addr: 188, value: 536008
296 [140301993219840] INFO perfrun.perfcollector <> - event_id: 45: cccr: addr: 189, value: 530e08
296 [140301993219840] INFO perfrun.perfcollector <> - event_id: 2: data: addr: 309, value: ffffffffffdb6100
296 [140301993219840] INFO perfrun.perfcollector <> - event_id: 0: data: addr: 30a, value: ffffffffffdb6100
296 [140301993219840] INFO perfrun.perfcollector <> - event_id: 1: data: addr: 30b, value: ffffffffffdb6100
296 [140301993219840] INFO perfrun.perfcollector <> - event_id: 40: data: addr: c1, value: fffffffffffe795d
296 [140301993219840] INFO perfrun.perfcollector <> - event_id: 41: data: addr: c2, value: fffffffffffe795d
296 [140301993219840] INFO perfrun.perfcollector <> - event_id: 44: data: addr: c3, value: ffffffffffe17b7d
296 [140301993219840] INFO perfrun.perfcollector <> - event_id: 45: data: addr: c4, value: fffffffffffe795d
296 [140301993219840] INFO perfrun.perfcollector <> - group_id: 11
296 [140301993219840] INFO perfrun.perfcollector <> - event_id: 2: INST_RETIRED.ANY
296 [140301993219840] INFO perfrun.perfcollector <> - event_id: 0: CPU_CLK_UNHALTED.THREAD
296 [140301993219840] INFO perfrun.perfcollector <> - event_id: 1: CPU_CLK_UNHALTED.REF_TSC
296 [140301993219840] INFO perfrun.perfcollector <> - event_id: 46: DTLB_LOAD_MISSES.WALK_DURATION:cmask=1
296 [140301993219840] INFO perfrun.perfcollector <> - event_id: 47: DTLB_STORE_MISSES.STLB_HIT
296 [140301993219840] INFO perfrun.perfcollector <> - event_id: 48: DTLB_STORE_MISSES.WALK_COMPLETED
296 [140301993219840] INFO perfrun.perfcollector <> - event_id: 49: DTLB_STORE_MISSES.WALK_DURATION:cmask=1
296 [140301993219840] INFO perfrun.perfcollector <> - event_id: 46: cccr: addr: 186, value: 1531008
296 [140301993219840] INFO perfrun.perfcollector <> - event_id: 47: cccr: addr: 187, value: 536049
296 [140301993219840] INFO perfrun.perfcollector <> - event_id: 48: cccr: addr: 188, value: 530e49
296 [140301993219840] INFO perfrun.perfcollector <> - event_id: 49: cccr: addr: 189, value: 1531049
296 [140301993219840] INFO perfrun.perfcollector <> - event_id: 2: data: addr: 309, value: ffffffffffdb6100
296 [140301993219840] INFO perfrun.perfcollector <> - event_id: 0: data: addr: 30a, value: ffffffffffdb6100
296 [140301993219840] INFO perfrun.perfcollector <> - event_id: 1: data: addr: 30b, value: ffffffffffdb6100
296 [140301993219840] INFO perfrun.perfcollector <> - event_id: 46: data: addr: c1, value: ffffffffffe17b7d
296 [140301993219840] INFO perfrun.perfcollector <> - event_id: 47: data: addr: c2, value: fffffffffffe795d
296 [140301993219840] INFO perfrun.perfcollector <> - event_id: 48: data: addr: c3, value: fffffffffffe795d
296 [140301993219840] INFO perfrun.perfcollector <> - event_id: 49: data: addr: c4, value: fffffffffffe795d
296 [140301993219840] INFO perfrun.perfcollector <> - group_id: 12
296 [140301993219840] INFO perfrun.perfcollector <> - event_id: 2: INST_RETIRED.ANY
296 [140301993219840] INFO perfrun.perfcollector <> - event_id: 0: CPU_CLK_UNHALTED.THREAD
296 [140301993219840] INFO perfrun.perfcollector <> - event_id: 1: CPU_CLK_UNHALTED.REF_TSC
296 [140301993219840] INFO perfrun.perfcollector <> - event_id: 50: L1D_PEND_MISS.FB_FULL:cmask=1
296 [140301993219840] INFO perfrun.perfcollector <> - event_id: 52: L2_RQSTS.RFO_HIT
296 [140301993219840] INFO perfrun.perfcollector <> - event_id: 53: LD_BLOCKS.NO_SR
296 [140301993219840] INFO perfrun.perfcollector <> - event_id: 54: LD_BLOCKS.STORE_FORWARD
296 [140301993219840] INFO perfrun.perfcollector <> - event_id: 50: cccr: addr: 186, value: 1530248
296 [140301993219840] INFO perfrun.perfcollector <> - event_id: 52: cccr: addr: 187, value: 53c224
296 [140301993219840] INFO perfrun.perfcollector <> - event_id: 53: cccr: addr: 188, value: 530803
296 [140301993219840] INFO perfrun.perfcollector <> - event_id: 54: cccr: addr: 189, value: 530203
296 [140301993219840] INFO perfrun.perfcollector <> - event_id: 2: data: addr: 309, value: ffffffffffdb6100
296 [140301993219840] INFO perfrun.perfcollector <> - event_id: 0: data: addr: 30a, value: ffffffffffdb6100
296 [140301993219840] INFO perfrun.perfcollector <> - event_id: 1: data: addr: 30b, value: ffffffffffdb6100
296 [140301993219840] INFO perfrun.perfcollector <> - event_id: 50: data: addr: c1, value: ffffffffffe17b7d
296 [140301993219840] INFO perfrun.perfcollector <> - event_id: 52: data: addr: c2, value: fffffffffffcf2bd
296 [140301993219840] INFO perfrun.perfcollector <> - event_id: 53: data: addr: c3, value: fffffffffffe795d
296 [140301993219840] INFO perfrun.perfcollector <> - event_id: 54: data: addr: c4, value: fffffffffffe795d
296 [140301993219840] INFO perfrun.perfcollector <> - group_id: 13
296 [140301993219840] INFO perfrun.perfcollector <> - event_id: 2: INST_RETIRED.ANY
296 [140301993219840] INFO perfrun.perfcollector <> - event_id: 0: CPU_CLK_UNHALTED.THREAD
296 [140301993219840] INFO perfrun.perfcollector <> - event_id: 1: CPU_CLK_UNHALTED.REF_TSC
296 [140301993219840] INFO perfrun.perfcollector <> - event_id: 55: LD_BLOCKS_PARTIAL.ADDRESS_ALIAS
296 [140301993219840] INFO perfrun.perfcollector <> - event_id: 56: MEM_LOAD_UOPS_L3_HIT_RETIRED.XSNP_HITM_PS
296 [140301993219840] INFO perfrun.perfcollector <> - event_id: 57: MEM_LOAD_UOPS_L3_HIT_RETIRED.XSNP_HIT_PS
296 [140301993219840] INFO perfrun.perfcollector <> - event_id: 58: MEM_LOAD_UOPS_L3_HIT_RETIRED.XSNP_MISS_PS
296 [140301993219840] INFO perfrun.perfcollector <> - event_id: 55: cccr: addr: 186, value: 530107
296 [140301993219840] INFO perfrun.perfcollector <> - event_id: 56: cccr: addr: 187, value: 4304d2
296 [140301993219840] INFO perfrun.perfcollector <> - event_id: 57: cccr: addr: 188, value: 4302d2
296 [140301993219840] INFO perfrun.perfcollector <> - event_id: 58: cccr: addr: 189, value: 4301d2
296 [140301993219840] INFO perfrun.perfcollector <> - event_id: 2: data: addr: 309, value: ffffffffffdb6100
296 [140301993219840] INFO perfrun.perfcollector <> - event_id: 0: data: addr: 30a, value: ffffffffffdb6100
296 [140301993219840] INFO perfrun.perfcollector <> - event_id: 1: data: addr: 30b, value: ffffffffffdb6100
296 [140301993219840] INFO perfrun.perfcollector <> - event_id: 55: data: addr: c1, value: fffffffffffe795d
296 [140301993219840] INFO perfrun.perfcollector <> - event_id: 56: data: addr: c2, value: ffffffffffffb1d5
296 [140301993219840] INFO perfrun.perfcollector <> - event_id: 57: data: addr: c3, value: ffffffffffffb1d5
296 [140301993219840] INFO perfrun.perfcollector <> - event_id: 58: data: addr: c4, value: ffffffffffffb1d5
296 [140301993219840] INFO perfrun.perfcollector <> - group_id: 14
296 [140301993219840] INFO perfrun.perfcollector <> - event_id: 2: INST_RETIRED.ANY
297 [140301993219840] INFO perfrun.perfcollector <> - event_id: 0: CPU_CLK_UNHALTED.THREAD
297 [140301993219840] INFO perfrun.perfcollector <> - event_id: 1: CPU_CLK_UNHALTED.REF_TSC
297 [140301993219840] INFO perfrun.perfcollector <> - event_id: 59: MEM_LOAD_UOPS_RETIRED.HIT_LFB_PS
297 [140301993219840] INFO perfrun.perfcollector <> - event_id: 60: MEM_LOAD_UOPS_RETIRED.L1_HIT_PS
297 [140301993219840] INFO perfrun.perfcollector <> - event_id: 61: MEM_LOAD_UOPS_RETIRED.L1_MISS
297 [140301993219840] INFO perfrun.perfcollector <> - event_id: 62: MEM_LOAD_UOPS_RETIRED.L2_HIT_PS
297 [140301993219840] INFO perfrun.perfcollector <> - event_id: 59: cccr: addr: 186, value: 4340d1
297 [140301993219840] INFO perfrun.perfcollector <> - event_id: 60: cccr: addr: 187, value: 4301d1
297 [140301993219840] INFO perfrun.perfcollector <> - event_id: 61: cccr: addr: 188, value: 5308d1
297 [140301993219840] INFO perfrun.perfcollector <> - event_id: 62: cccr: addr: 189, value: 4302d1
297 [140301993219840] INFO perfrun.perfcollector <> - event_id: 2: data: addr: 309, value: ffffffffffdb6100
297 [140301993219840] INFO perfrun.perfcollector <> - event_id: 0: data: addr: 30a, value: ffffffffffdb6100
297 [140301993219840] INFO perfrun.perfcollector <> - event_id: 1: data: addr: 30b, value: ffffffffffdb6100
297 [140301993219840] INFO perfrun.perfcollector <> - event_id: 59: data: addr: c1, value: fffffffffffe795d
297 [140301993219840] INFO perfrun.perfcollector <> - event_id: 60: data: addr: c2, value: ffffffffffe17b7d
297 [140301993219840] INFO perfrun.perfcollector <> - event_id: 61: data: addr: c3, value: fffffffffffe795d
297 [140301993219840] INFO perfrun.perfcollector <> - event_id: 62: data: addr: c4, value: fffffffffffe795d
297 [140301993219840] INFO perfrun.perfcollector <> - group_id: 15
297 [140301993219840] INFO perfrun.perfcollector <> - event_id: 2: INST_RETIRED.ANY
297 [140301993219840] INFO perfrun.perfcollector <> - event_id: 0: CPU_CLK_UNHALTED.THREAD
297 [140301993219840] INFO perfrun.perfcollector <> - event_id: 1: CPU_CLK_UNHALTED.REF_TSC
297 [140301993219840] INFO perfrun.perfcollector <> - event_id: 63: MEM_UOPS_RETIRED.LOCK_LOADS_PS
297 [140301993219840] INFO perfrun.perfcollector <> - event_id: 64: MEM_UOPS_RETIRED.SPLIT_LOADS_PS
297 [140301993219840] INFO perfrun.perfcollector <> - event_id: 65: MEM_UOPS_RETIRED.SPLIT_STORES_PS
297 [140301993219840] INFO perfrun.perfcollector <> - event_id: 66: MEM_UOPS_RETIRED.STLB_MISS_LOADS_PS
297 [140301993219840] INFO perfrun.perfcollector <> - event_id: 63: cccr: addr: 186, value: 4321d0
297 [140301993219840] INFO perfrun.perfcollector <> - event_id: 64: cccr: addr: 187, value: 4341d0
297 [140301993219840] INFO perfrun.perfcollector <> - event_id: 65: cccr: addr: 188, value: 4342d0
297 [140301993219840] INFO perfrun.perfcollector <> - event_id: 66: cccr: addr: 189, value: 4311d0
297 [140301993219840] INFO perfrun.perfcollector <> - event_id: 2: data: addr: 309, value: ffffffffffdb6100
297 [140301993219840] INFO perfrun.perfcollector <> - event_id: 0: data: addr: 30a, value: ffffffffffdb6100
297 [140301993219840] INFO perfrun.perfcollector <> - event_id: 1: data: addr: 30b, value: ffffffffffdb6100
297 [140301993219840] INFO perfrun.perfcollector <> - event_id: 63: data: addr: c1, value: fffffffffffe7959
297 [140301993219840] INFO perfrun.perfcollector <> - event_id: 64: data: addr: c2, value: fffffffffffe795d
297 [140301993219840] INFO perfrun.perfcollector <> - event_id: 65: data: addr: c3, value: fffffffffffe795d
297 [140301993219840] INFO perfrun.perfcollector <> - event_id: 66: data: addr: c4, value: fffffffffffe795d
297 [140301993219840] INFO perfrun.perfcollector <> - group_id: 16
297 [140301993219840] INFO perfrun.perfcollector <> - event_id: 2: INST_RETIRED.ANY
297 [140301993219840] INFO perfrun.perfcollector <> - event_id: 0: CPU_CLK_UNHALTED.THREAD
297 [140301993219840] INFO perfrun.perfcollector <> - event_id: 1: CPU_CLK_UNHALTED.REF_TSC
297 [140301993219840] INFO perfrun.perfcollector <> - event_id: 67: MEM_UOPS_RETIRED.STLB_MISS_STORES_PS
297 [140301993219840] INFO perfrun.perfcollector <> - event_id: 68: OFFCORE_REQUESTS_BUFFER.SQ_FULL
297 [140301993219840] INFO perfrun.perfcollector <> - event_id: 69: OFFCORE_REQUESTS_OUTSTANDING.CYCLES_WITH_DEMAND_RFO
297 [140301993219840] INFO perfrun.perfcollector <> - event_id: 67: cccr: addr: 186, value: 4312d0
297 [140301993219840] INFO perfrun.perfcollector <> - event_id: 68: cccr: addr: 187, value: 5301b2
297 [140301993219840] INFO perfrun.perfcollector <> - event_id: 69: cccr: addr: 188, value: 1530460
297 [140301993219840] INFO perfrun.perfcollector <> - event_id: 2: data: addr: 309, value: ffffffffffdb6100
297 [140301993219840] INFO perfrun.perfcollector <> - event_id: 0: data: addr: 30a, value: ffffffffffdb6100
297 [140301993219840] INFO perfrun.perfcollector <> - event_id: 1: data: addr: 30b, value: ffffffffffdb6100
297 [140301993219840] INFO perfrun.perfcollector <> - event_id: 67: data: addr: c1, value: fffffffffffe795d
297 [140301993219840] INFO perfrun.perfcollector <> - event_id: 68: data: addr: c2, value: ffffffffffe17b7d
297 [140301993219840] INFO perfrun.perfcollector <> - event_id: 69: data: addr: c3, value: ffffffffffe17b7d
297 [140301993219840] INFO perfrun.perfcollector <> - Converting events to Perf format
297 [140301993219840] INFO perfrun.perfcollector <> - event: 0: CPU_CLK_UNHALTED.THREAD
297 [140301993219840] INFO perfrun.perfcollector <> - cccr: addr: ffffffff, value: 0
297 [140301993219840] INFO perfrun.perfcollector <> - data: addr: 30a, value: ffffffffffdb6100
297 [140301993219840] INFO perfrun.perfcollector <> - pmu config: cpu
297 [140301993219840] INFO perfrun.perfcollector <> - config: any: 0
297 [140301993219840] INFO perfrun.perfcollector <> - config: cmask: 0
297 [140301993219840] INFO perfrun.perfcollector <> - config: edge: 0
297 [140301993219840] INFO perfrun.perfcollector <> - config: event: 3c
297 [140301993219840] INFO perfrun.perfcollector <> - config: in_tx: 0
297 [140301993219840] INFO perfrun.perfcollector <> - config: in_tx_cp: 0
297 [140301993219840] INFO perfrun.perfcollector <> - config: inv: 0
297 [140301993219840] INFO perfrun.perfcollector <> - config1: ldlat: 0
297 [140301993219840] INFO perfrun.perfcollector <> - config1: offcore_rsp: 0
297 [140301993219840] INFO perfrun.perfcollector <> - config: pc: 0
297 [140301993219840] INFO perfrun.perfcollector <> - config: umask: 0
297 [140301993219840] INFO perfrun.perfcollector <> - format: cpu/event=0x3c,name='CPU_CLK_UNHALTED.THREAD'/D
297 [140301993219840] INFO perfrun.perfcollector <> - event: 1: CPU_CLK_UNHALTED.REF_TSC
297 [140301993219840] INFO perfrun.perfcollector <> - cccr: addr: ffffffff, value: 0
297 [140301993219840] INFO perfrun.perfcollector <> - data: addr: 30b, value: ffffffffffdb6100
297 [140301993219840] INFO perfrun.perfcollector <> - pmu config: cpu
297 [140301993219840] INFO perfrun.perfcollector <> - config: any: 0
297 [140301993219840] INFO perfrun.perfcollector <> - config: cmask: 0
297 [140301993219840] INFO perfrun.perfcollector <> - config: edge: 0
297 [140301993219840] INFO perfrun.perfcollector <> - config: event: 0
297 [140301993219840] INFO perfrun.perfcollector <> - config: in_tx: 0
297 [140301993219840] INFO perfrun.perfcollector <> - config: in_tx_cp: 0
297 [140301993219840] INFO perfrun.perfcollector <> - config: inv: 0
297 [140301993219840] INFO perfrun.perfcollector <> - config1: ldlat: 0
297 [140301993219840] INFO perfrun.perfcollector <> - config1: offcore_rsp: 0
297 [140301993219840] INFO perfrun.perfcollector <> - config: pc: 0
297 [140301993219840] INFO perfrun.perfcollector <> - config: umask: 3
297 [140301993219840] INFO perfrun.perfcollector <> - format: cpu/umask=0x3,name='CPU_CLK_UNHALTED.REF_TSC'/D
297 [140301993219840] INFO perfrun.perfcollector <> - event: 2: INST_RETIRED.ANY
298 [140301993219840] INFO perfrun.perfcollector <> - cccr: addr: ffffffff, value: 0
298 [140301993219840] INFO perfrun.perfcollector <> - data: addr: 309, value: ffffffffffdb6100
298 [140301993219840] INFO perfrun.perfcollector <> - pmu config: cpu
298 [140301993219840] INFO perfrun.perfcollector <> - config: any: 0
298 [140301993219840] INFO perfrun.perfcollector <> - config: cmask: 0
298 [140301993219840] INFO perfrun.perfcollector <> - config: edge: 0
298 [140301993219840] INFO perfrun.perfcollector <> - config: event: c0
298 [140301993219840] INFO perfrun.perfcollector <> - config: in_tx: 0
298 [140301993219840] INFO perfrun.perfcollector <> - config: in_tx_cp: 0
298 [140301993219840] INFO perfrun.perfcollector <> - config: inv: 0
298 [140301993219840] INFO perfrun.perfcollector <> - config1: ldlat: 0
298 [140301993219840] INFO perfrun.perfcollector <> - config1: offcore_rsp: 0
298 [140301993219840] INFO perfrun.perfcollector <> - config: pc: 0
298 [140301993219840] INFO perfrun.perfcollector <> - config: umask: 0
298 [140301993219840] INFO perfrun.perfcollector <> - format: cpu/event=0xc0,name='INST_RETIRED.ANY'/D
298 [140301993219840] INFO perfrun.perfcollector <> - event: 3: CPU_CLK_UNHALTED.REF_XCLK
298 [140301993219840] INFO perfrun.perfcollector <> - cccr: addr: 189, value: 53013c
298 [140301993219840] INFO perfrun.perfcollector <> - data: addr: c4, value: fffffffffffe795d
298 [140301993219840] INFO perfrun.perfcollector <> - pmu config: cpu
298 [140301993219840] INFO perfrun.perfcollector <> - config: any: 0
298 [140301993219840] INFO perfrun.perfcollector <> - config: cmask: 0
298 [140301993219840] INFO perfrun.perfcollector <> - config: edge: 0
298 [140301993219840] INFO perfrun.perfcollector <> - config: event: 3c
298 [140301993219840] INFO perfrun.perfcollector <> - config: in_tx: 0
298 [140301993219840] INFO perfrun.perfcollector <> - config: in_tx_cp: 0
298 [140301993219840] INFO perfrun.perfcollector <> - config: inv: 0
298 [140301993219840] INFO perfrun.perfcollector <> - config1: ldlat: 0
298 [140301993219840] INFO perfrun.perfcollector <> - config1: offcore_rsp: 0
298 [140301993219840] INFO perfrun.perfcollector <> - config: pc: 0
298 [140301993219840] INFO perfrun.perfcollector <> - config: umask: 1
298 [140301993219840] INFO perfrun.perfcollector <> - format: cpu/event=0x3c,umask=0x1,name='CPU_CLK_UNHALTED.REF_XCLK'/
298 [140301993219840] INFO perfrun.perfcollector <> - event: 4: CPU_CLK_UNHALTED.ONE_THREAD_ACTIVE
298 [140301993219840] INFO perfrun.perfcollector <> - cccr: addr: 186, value: 53023c
298 [140301993219840] INFO perfrun.perfcollector <> - data: addr: c1, value: fffffffffffe795d
298 [140301993219840] INFO perfrun.perfcollector <> - pmu config: cpu
298 [140301993219840] INFO perfrun.perfcollector <> - config: any: 0
298 [140301993219840] INFO perfrun.perfcollector <> - config: cmask: 0
298 [140301993219840] INFO perfrun.perfcollector <> - config: edge: 0
298 [140301993219840] INFO perfrun.perfcollector <> - config: event: 3c
298 [140301993219840] INFO perfrun.perfcollector <> - config: in_tx: 0
298 [140301993219840] INFO perfrun.perfcollector <> - config: in_tx_cp: 0
298 [140301993219840] INFO perfrun.perfcollector <> - config: inv: 0
298 [140301993219840] INFO perfrun.perfcollector <> - config1: ldlat: 0
298 [140301993219840] INFO perfrun.perfcollector <> - config1: offcore_rsp: 0
298 [140301993219840] INFO perfrun.perfcollector <> - config: pc: 0
298 [140301993219840] INFO perfrun.perfcollector <> - config: umask: 2
298 [140301993219840] INFO perfrun.perfcollector <> - format: cpu/event=0x3c,umask=0x2,name='CPU_CLK_UNHALTED.ONE_THREAD_ACTIVE'/
298 [140301993219840] INFO perfrun.perfcollector <> - event: 5: UOPS_RETIRED.RETIRE_SLOTS
298 [140301993219840] INFO perfrun.perfcollector <> - cccr: addr: 187, value: 5302c2
298 [140301993219840] INFO perfrun.perfcollector <> - data: addr: c2, value: ffffffffffe17b7d
298 [140301993219840] INFO perfrun.perfcollector <> - pmu config: cpu
298 [140301993219840] INFO perfrun.perfcollector <> - config: any: 0
298 [140301993219840] INFO perfrun.perfcollector <> - config: cmask: 0
298 [140301993219840] INFO perfrun.perfcollector <> - config: edge: 0
298 [140301993219840] INFO perfrun.perfcollector <> - config: event: c2
298 [140301993219840] INFO perfrun.perfcollector <> - config: in_tx: 0
298 [140301993219840] INFO perfrun.perfcollector <> - config: in_tx_cp: 0
298 [140301993219840] INFO perfrun.perfcollector <> - config: inv: 0
298 [140301993219840] INFO perfrun.perfcollector <> - config1: ldlat: 0
298 [140301993219840] INFO perfrun.perfcollector <> - config1: offcore_rsp: 0
298 [140301993219840] INFO perfrun.perfcollector <> - config: pc: 0
298 [140301993219840] INFO perfrun.perfcollector <> - config: umask: 2
298 [140301993219840] INFO perfrun.perfcollector <> - format: cpu/event=0xc2,umask=0x2,name='UOPS_RETIRED.RETIRE_SLOTS'/
298 [140301993219840] INFO perfrun.perfcollector <> - event: 6: FP_ARITH_INST_RETIRED.SCALAR_SINGLE
298 [140301993219840] INFO perfrun.perfcollector <> - cccr: addr: 189, value: 5302c7
298 [140301993219840] INFO perfrun.perfcollector <> - data: addr: c4, value: ffffffffffe17b7d
298 [140301993219840] INFO perfrun.perfcollector <> - pmu config: cpu
298 [140301993219840] INFO perfrun.perfcollector <> - config: any: 0
298 [140301993219840] INFO perfrun.perfcollector <> - config: cmask: 0
298 [140301993219840] INFO perfrun.perfcollector <> - config: edge: 0
298 [140301993219840] INFO perfrun.perfcollector <> - config: event: c7
298 [140301993219840] INFO perfrun.perfcollector <> - config: in_tx: 0
298 [140301993219840] INFO perfrun.perfcollector <> - config: in_tx_cp: 0
298 [140301993219840] INFO perfrun.perfcollector <> - config: inv: 0
298 [140301993219840] INFO perfrun.perfcollector <> - config1: ldlat: 0
298 [140301993219840] INFO perfrun.perfcollector <> - config1: offcore_rsp: 0
298 [140301993219840] INFO perfrun.perfcollector <> - config: pc: 0
298 [140301993219840] INFO perfrun.perfcollector <> - config: umask: 2
298 [140301993219840] INFO perfrun.perfcollector <> - format: cpu/event=0xc7,umask=0x2,name='FP_ARITH_INST_RETIRED.SCALAR_SINGLE'/
298 [140301993219840] INFO perfrun.perfcollector <> - event: 7: FP_ARITH_INST_RETIRED.128B_PACKED_SINGLE
298 [140301993219840] INFO perfrun.perfcollector <> - cccr: addr: 186, value: 5308c7
298 [140301993219840] INFO perfrun.perfcollector <> - data: addr: c1, value: ffffffffffe17b7d
298 [140301993219840] INFO perfrun.perfcollector <> - pmu config: cpu
298 [140301993219840] INFO perfrun.perfcollector <> - config: any: 0
298 [140301993219840] INFO perfrun.perfcollector <> - config: cmask: 0
298 [140301993219840] INFO perfrun.perfcollector <> - config: edge: 0
298 [140301993219840] INFO perfrun.perfcollector <> - config: event: c7
298 [140301993219840] INFO perfrun.perfcollector <> - config: in_tx: 0
298 [140301993219840] INFO perfrun.perfcollector <> - config: in_tx_cp: 0
298 [140301993219840] INFO perfrun.perfcollector <> - config: inv: 0
298 [140301993219840] INFO perfrun.perfcollector <> - config1: ldlat: 0
298 [140301993219840] INFO perfrun.perfcollector <> - config1: offcore_rsp: 0
298 [140301993219840] INFO perfrun.perfcollector <> - config: pc: 0
298 [140301993219840] INFO perfrun.perfcollector <> - config: umask: 8
298 [140301993219840] INFO perfrun.perfcollector <> - format: cpu/event=0xc7,umask=0x8,name='FP_ARITH_INST_RETIRED.128B_PACKED_SINGLE'/
298 [140301993219840] INFO perfrun.perfcollector <> - event: 8: FP_ARITH_INST_RETIRED.256B_PACKED_SINGLE
298 [140301993219840] INFO perfrun.perfcollector <> - cccr: addr: 187, value: 5320c7
298 [140301993219840] INFO perfrun.perfcollector <> - data: addr: c2, value: ffffffffffe17b7d
298 [140301993219840] INFO perfrun.perfcollector <> - pmu config: cpu
298 [140301993219840] INFO perfrun.perfcollector <> - config: any: 0
298 [140301993219840] INFO perfrun.perfcollector <> - config: cmask: 0
298 [140301993219840] INFO perfrun.perfcollector <> - config: edge: 0
298 [140301993219840] INFO perfrun.perfcollector <> - config: event: c7
298 [140301993219840] INFO perfrun.perfcollector <> - config: in_tx: 0
298 [140301993219840] INFO perfrun.perfcollector <> - config: in_tx_cp: 0
298 [140301993219840] INFO perfrun.perfcollector <> - config: inv: 0
298 [140301993219840] INFO perfrun.perfcollector <> - config1: ldlat: 0
298 [140301993219840] INFO perfrun.perfcollector <> - config1: offcore_rsp: 0
298 [140301993219840] INFO perfrun.perfcollector <> - config: pc: 0
298 [140301993219840] INFO perfrun.perfcollector <> - config: umask: 20
298 [140301993219840] INFO perfrun.perfcollector <> - format: cpu/event=0xc7,umask=0x20,name='FP_ARITH_INST_RETIRED.256B_PACKED_SINGLE'/
298 [140301993219840] INFO perfrun.perfcollector <> - event: 9: FP_ARITH_INST_RETIRED.SCALAR_DOUBLE
298 [140301993219840] INFO perfrun.perfcollector <> - cccr: addr: 188, value: 5301c7
298 [140301993219840] INFO perfrun.perfcollector <> - data: addr: c3, value: ffffffffffe17b7d
298 [140301993219840] INFO perfrun.perfcollector <> - pmu config: cpu
298 [140301993219840] INFO perfrun.perfcollector <> - config: any: 0
298 [140301993219840] INFO perfrun.perfcollector <> - config: cmask: 0
298 [140301993219840] INFO perfrun.perfcollector <> - config: edge: 0
298 [140301993219840] INFO perfrun.perfcollector <> - config: event: c7
298 [140301993219840] INFO perfrun.perfcollector <> - config: in_tx: 0
298 [140301993219840] INFO perfrun.perfcollector <> - config: in_tx_cp: 0
298 [140301993219840] INFO perfrun.perfcollector <> - config: inv: 0
298 [140301993219840] INFO perfrun.perfcollector <> - config1: ldlat: 0
298 [140301993219840] INFO perfrun.perfcollector <> - config1: offcore_rsp: 0
298 [140301993219840] INFO perfrun.perfcollector <> - config: pc: 0
298 [140301993219840] INFO perfrun.perfcollector <> - config: umask: 1
298 [140301993219840] INFO perfrun.perfcollector <> - format: cpu/event=0xc7,umask=0x1,name='FP_ARITH_INST_RETIRED.SCALAR_DOUBLE'/
298 [140301993219840] INFO perfrun.perfcollector <> - event: 10: FP_ARITH_INST_RETIRED.128B_PACKED_DOUBLE
298 [140301993219840] INFO perfrun.perfcollector <> - cccr: addr: 189, value: 5304c7
298 [140301993219840] INFO perfrun.perfcollector <> - data: addr: c4, value: ffffffffffe17b7d
298 [140301993219840] INFO perfrun.perfcollector <> - pmu config: cpu
298 [140301993219840] INFO perfrun.perfcollector <> - config: any: 0
298 [140301993219840] INFO perfrun.perfcollector <> - config: cmask: 0
298 [140301993219840] INFO perfrun.perfcollector <> - config: edge: 0
298 [140301993219840] INFO perfrun.perfcollector <> - config: event: c7
298 [140301993219840] INFO perfrun.perfcollector <> - config: in_tx: 0
298 [140301993219840] INFO perfrun.perfcollector <> - config: in_tx_cp: 0
298 [140301993219840] INFO perfrun.perfcollector <> - config: inv: 0
298 [140301993219840] INFO perfrun.perfcollector <> - config1: ldlat: 0
298 [140301993219840] INFO perfrun.perfcollector <> - config1: offcore_rsp: 0
298 [140301993219840] INFO perfrun.perfcollector <> - config: pc: 0
298 [140301993219840] INFO perfrun.perfcollector <> - config: umask: 4
298 [140301993219840] INFO perfrun.perfcollector <> - format: cpu/event=0xc7,umask=0x4,name='FP_ARITH_INST_RETIRED.128B_PACKED_DOUBLE'/
298 [140301993219840] INFO perfrun.perfcollector <> - event: 11: FP_ARITH_INST_RETIRED.256B_PACKED_DOUBLE
298 [140301993219840] INFO perfrun.perfcollector <> - cccr: addr: 186, value: 5310c7
298 [140301993219840] INFO perfrun.perfcollector <> - data: addr: c1, value: ffffffffffe17b7d
298 [140301993219840] INFO perfrun.perfcollector <> - pmu config: cpu
298 [140301993219840] INFO perfrun.perfcollector <> - config: any: 0
298 [140301993219840] INFO perfrun.perfcollector <> - config: cmask: 0
298 [140301993219840] INFO perfrun.perfcollector <> - config: edge: 0
298 [140301993219840] INFO perfrun.perfcollector <> - config: event: c7
299 [140301993219840] INFO perfrun.perfcollector <> - config: in_tx: 0
299 [140301993219840] INFO perfrun.perfcollector <> - config: in_tx_cp: 0
299 [140301993219840] INFO perfrun.perfcollector <> - config: inv: 0
299 [140301993219840] INFO perfrun.perfcollector <> - config1: ldlat: 0
299 [140301993219840] INFO perfrun.perfcollector <> - config1: offcore_rsp: 0
299 [140301993219840] INFO perfrun.perfcollector <> - config: pc: 0
299 [140301993219840] INFO perfrun.perfcollector <> - config: umask: 10
299 [140301993219840] INFO perfrun.perfcollector <> - format: cpu/event=0xc7,umask=0x10,name='FP_ARITH_INST_RETIRED.256B_PACKED_DOUBLE'/
299 [140301993219840] INFO perfrun.perfcollector <> - event: 12: INST_RETIRED.X87
299 [140301993219840] INFO perfrun.perfcollector <> - cccr: addr: 187, value: 5302c0
299 [140301993219840] INFO perfrun.perfcollector <> - data: addr: c2, value: ffffffffffe17b7d
299 [140301993219840] INFO perfrun.perfcollector <> - pmu config: cpu
299 [140301993219840] INFO perfrun.perfcollector <> - config: any: 0
299 [140301993219840] INFO perfrun.perfcollector <> - config: cmask: 0
299 [140301993219840] INFO perfrun.perfcollector <> - config: edge: 0
299 [140301993219840] INFO perfrun.perfcollector <> - config: event: c0
299 [140301993219840] INFO perfrun.perfcollector <> - config: in_tx: 0
299 [140301993219840] INFO perfrun.perfcollector <> - config: in_tx_cp: 0
299 [140301993219840] INFO perfrun.perfcollector <> - config: inv: 0
299 [140301993219840] INFO perfrun.perfcollector <> - config1: ldlat: 0
299 [140301993219840] INFO perfrun.perfcollector <> - config1: offcore_rsp: 0
299 [140301993219840] INFO perfrun.perfcollector <> - config: pc: 0
299 [140301993219840] INFO perfrun.perfcollector <> - config: umask: 2
299 [140301993219840] INFO perfrun.perfcollector <> - format: cpu/event=0xc0,umask=0x2,name='INST_RETIRED.X87'/
299 [140301993219840] INFO perfrun.perfcollector <> - event: 13: UOPS_EXECUTED.THREAD
299 [140301993219840] INFO perfrun.perfcollector <> - cccr: addr: 188, value: 5301b1
299 [140301993219840] INFO perfrun.perfcollector <> - data: addr: c3, value: ffffffffffe17b7d
299 [140301993219840] INFO perfrun.perfcollector <> - pmu config: cpu
299 [140301993219840] INFO perfrun.perfcollector <> - config: any: 0
299 [140301993219840] INFO perfrun.perfcollector <> - config: cmask: 0
299 [140301993219840] INFO perfrun.perfcollector <> - config: edge: 0
299 [140301993219840] INFO perfrun.perfcollector <> - config: event: b1
299 [140301993219840] INFO perfrun.perfcollector <> - config: in_tx: 0
299 [140301993219840] INFO perfrun.perfcollector <> - config: in_tx_cp: 0
299 [140301993219840] INFO perfrun.perfcollector <> - config: inv: 0
299 [140301993219840] INFO perfrun.perfcollector <> - config1: ldlat: 0
299 [140301993219840] INFO perfrun.perfcollector <> - config1: offcore_rsp: 0
299 [140301993219840] INFO perfrun.perfcollector <> - config: pc: 0
299 [140301993219840] INFO perfrun.perfcollector <> - config: umask: 1
299 [140301993219840] INFO perfrun.perfcollector <> - format: cpu/event=0xb1,umask=0x1,name='UOPS_EXECUTED.THREAD'/
299 [140301993219840] INFO perfrun.perfcollector <> - event: 14: CPU_CLK_UNHALTED.THREAD_P
299 [140301993219840] INFO perfrun.perfcollector <> - cccr: addr: 189, value: 53003c
299 [140301993219840] INFO perfrun.perfcollector <> - data: addr: c4, value: ffffffffffe17b7d
299 [140301993219840] INFO perfrun.perfcollector <> - pmu config: cpu
299 [140301993219840] INFO perfrun.perfcollector <> - config: any: 0
299 [140301993219840] INFO perfrun.perfcollector <> - config: cmask: 0
299 [140301993219840] INFO perfrun.perfcollector <> - config: edge: 0
299 [140301993219840] INFO perfrun.perfcollector <> - config: event: 3c
299 [140301993219840] INFO perfrun.perfcollector <> - config: in_tx: 0
299 [140301993219840] INFO perfrun.perfcollector <> - config: in_tx_cp: 0
299 [140301993219840] INFO perfrun.perfcollector <> - config: inv: 0
299 [140301993219840] INFO perfrun.perfcollector <> - config1: ldlat: 0
299 [140301993219840] INFO perfrun.perfcollector <> - config1: offcore_rsp: 0
299 [140301993219840] INFO perfrun.perfcollector <> - config: pc: 0
299 [140301993219840] INFO perfrun.perfcollector <> - config: umask: 0
299 [140301993219840] INFO perfrun.perfcollector <> - format: cpu/event=0x3c,name='CPU_CLK_UNHALTED.THREAD_P'/
299 [140301993219840] INFO perfrun.perfcollector <> - event: 15: CYCLE_ACTIVITY.STALLS_MEM_ANY
299 [140301993219840] INFO perfrun.perfcollector <> - cccr: addr: 186, value: 65306a3
299 [140301993219840] INFO perfrun.perfcollector <> - data: addr: c1, value: ffffffffffe17b7d
299 [140301993219840] INFO perfrun.perfcollector <> - pmu config: cpu
299 [140301993219840] INFO perfrun.perfcollector <> - config: any: 0
299 [140301993219840] INFO perfrun.perfcollector <> - config: cmask: 6
299 [140301993219840] INFO perfrun.perfcollector <> - config: edge: 0
299 [140301993219840] INFO perfrun.perfcollector <> - config: event: a3
299 [140301993219840] INFO perfrun.perfcollector <> - config: in_tx: 0
299 [140301993219840] INFO perfrun.perfcollector <> - config: in_tx_cp: 0
299 [140301993219840] INFO perfrun.perfcollector <> - config: inv: 0
299 [140301993219840] INFO perfrun.perfcollector <> - config1: ldlat: 0
299 [140301993219840] INFO perfrun.perfcollector <> - config1: offcore_rsp: 0
299 [140301993219840] INFO perfrun.perfcollector <> - config: pc: 0
299 [140301993219840] INFO perfrun.perfcollector <> - config: umask: 6
299 [140301993219840] INFO perfrun.perfcollector <> - format: cpu/cmask=0x6,event=0xa3,umask=0x6,name='CYCLE_ACTIVITY.STALLS_MEM_ANY'/
299 [140301993219840] INFO perfrun.perfcollector <> - event: 16: CYCLE_ACTIVITY.STALLS_TOTAL
299 [140301993219840] INFO perfrun.perfcollector <> - cccr: addr: 187, value: 45304a3
299 [140301993219840] INFO perfrun.perfcollector <> - data: addr: c2, value: ffffffffffe17b7d
299 [140301993219840] INFO perfrun.perfcollector <> - pmu config: cpu
299 [140301993219840] INFO perfrun.perfcollector <> - config: any: 0
299 [140301993219840] INFO perfrun.perfcollector <> - config: cmask: 4
299 [140301993219840] INFO perfrun.perfcollector <> - config: edge: 0
299 [140301993219840] INFO perfrun.perfcollector <> - config: event: a3
299 [140301993219840] INFO perfrun.perfcollector <> - config: in_tx: 0
299 [140301993219840] INFO perfrun.perfcollector <> - config: in_tx_cp: 0
299 [140301993219840] INFO perfrun.perfcollector <> - config: inv: 0
299 [140301993219840] INFO perfrun.perfcollector <> - config1: ldlat: 0
299 [140301993219840] INFO perfrun.perfcollector <> - config1: offcore_rsp: 0
299 [140301993219840] INFO perfrun.perfcollector <> - config: pc: 0
299 [140301993219840] INFO perfrun.perfcollector <> - config: umask: 4
299 [140301993219840] INFO perfrun.perfcollector <> - format: cpu/cmask=0x4,event=0xa3,umask=0x4,name='CYCLE_ACTIVITY.STALLS_TOTAL'/
299 [140301993219840] INFO perfrun.perfcollector <> - event: 17: IDQ_UOPS_NOT_DELIVERED.CORE
299 [140301993219840] INFO perfrun.perfcollector <> - cccr: addr: 188, value: 53019c
299 [140301993219840] INFO perfrun.perfcollector <> - data: addr: c3, value: ffffffffffe17b7d
299 [140301993219840] INFO perfrun.perfcollector <> - pmu config: cpu
299 [140301993219840] INFO perfrun.perfcollector <> - config: any: 0
299 [140301993219840] INFO perfrun.perfcollector <> - config: cmask: 0
299 [140301993219840] INFO perfrun.perfcollector <> - config: edge: 0
299 [140301993219840] INFO perfrun.perfcollector <> - config: event: 9c
299 [140301993219840] INFO perfrun.perfcollector <> - config: in_tx: 0
299 [140301993219840] INFO perfrun.perfcollector <> - config: in_tx_cp: 0
299 [140301993219840] INFO perfrun.perfcollector <> - config: inv: 0
299 [140301993219840] INFO perfrun.perfcollector <> - config1: ldlat: 0
299 [140301993219840] INFO perfrun.perfcollector <> - config1: offcore_rsp: 0
299 [140301993219840] INFO perfrun.perfcollector <> - config: pc: 0
299 [140301993219840] INFO perfrun.perfcollector <> - config: umask: 1
299 [140301993219840] INFO perfrun.perfcollector <> - format: cpu/event=0x9c,umask=0x1,name='IDQ_UOPS_NOT_DELIVERED.CORE'/
299 [140301993219840] INFO perfrun.perfcollector <> - event: 18: IDQ_UOPS_NOT_DELIVERED.CYCLES_0_UOPS_DELIV.CORE
299 [140301993219840] INFO perfrun.perfcollector <> - cccr: addr: 189, value: 453019c
299 [140301993219840] INFO perfrun.perfcollector <> - data: addr: c4, value: ffffffffffe17b7d
299 [140301993219840] INFO perfrun.perfcollector <> - pmu config: cpu
299 [140301993219840] INFO perfrun.perfcollector <> - config: any: 0
299 [140301993219840] INFO perfrun.perfcollector <> - config: cmask: 4
299 [140301993219840] INFO perfrun.perfcollector <> - config: edge: 0
299 [140301993219840] INFO perfrun.perfcollector <> - config: event: 9c
299 [140301993219840] INFO perfrun.perfcollector <> - config: in_tx: 0
299 [140301993219840] INFO perfrun.perfcollector <> - config: in_tx_cp: 0
299 [140301993219840] INFO perfrun.perfcollector <> - config: inv: 0
299 [140301993219840] INFO perfrun.perfcollector <> - config1: ldlat: 0
299 [140301993219840] INFO perfrun.perfcollector <> - config1: offcore_rsp: 0
299 [140301993219840] INFO perfrun.perfcollector <> - config: pc: 0
299 [140301993219840] INFO perfrun.perfcollector <> - config: umask: 1
299 [140301993219840] INFO perfrun.perfcollector <> - format: cpu/cmask=0x4,event=0x9c,umask=0x1,name='IDQ_UOPS_NOT_DELIVERED.CYCLES_0_UOPS_DELIV.CORE'/
299 [140301993219840] INFO perfrun.perfcollector <> - event: 19: INT_MISC.RECOVERY_CYCLES
299 [140301993219840] INFO perfrun.perfcollector <> - cccr: addr: 186, value: 153030d
299 [140301993219840] INFO perfrun.perfcollector <> - data: addr: c1, value: ffffffffffe17b7d
299 [140301993219840] INFO perfrun.perfcollector <> - pmu config: cpu
299 [140301993219840] INFO perfrun.perfcollector <> - config: any: 0
299 [140301993219840] INFO perfrun.perfcollector <> - config: cmask: 1
299 [140301993219840] INFO perfrun.perfcollector <> - config: edge: 0
299 [140301993219840] INFO perfrun.perfcollector <> - config: event: d
299 [140301993219840] INFO perfrun.perfcollector <> - config: in_tx: 0
299 [140301993219840] INFO perfrun.perfcollector <> - config: in_tx_cp: 0
299 [140301993219840] INFO perfrun.perfcollector <> - config: inv: 0
299 [140301993219840] INFO perfrun.perfcollector <> - config1: ldlat: 0
299 [140301993219840] INFO perfrun.perfcollector <> - config1: offcore_rsp: 0
299 [140301993219840] INFO perfrun.perfcollector <> - config: pc: 0
299 [140301993219840] INFO perfrun.perfcollector <> - config: umask: 3
299 [140301993219840] INFO perfrun.perfcollector <> - format: cpu/cmask=0x1,event=0xd,umask=0x3,name='INT_MISC.RECOVERY_CYCLES'/
299 [140301993219840] INFO perfrun.perfcollector <> - event: 20: RESOURCE_STALLS.SB
299 [140301993219840] INFO perfrun.perfcollector <> - cccr: addr: 187, value: 5308a2
299 [140301993219840] INFO perfrun.perfcollector <> - data: addr: c2, value: ffffffffffe17b7d
299 [140301993219840] INFO perfrun.perfcollector <> - pmu config: cpu
299 [140301993219840] INFO perfrun.perfcollector <> - config: any: 0
299 [140301993219840] INFO perfrun.perfcollector <> - config: cmask: 0
299 [140301993219840] INFO perfrun.perfcollector <> - config: edge: 0
299 [140301993219840] INFO perfrun.perfcollector <> - config: event: a2
299 [140301993219840] INFO perfrun.perfcollector <> - config: in_tx: 0
299 [140301993219840] INFO perfrun.perfcollector <> - config: in_tx_cp: 0
299 [140301993219840] INFO perfrun.perfcollector <> - config: inv: 0
299 [140301993219840] INFO perfrun.perfcollector <> - config1: ldlat: 0
299 [140301993219840] INFO perfrun.perfcollector <> - config1: offcore_rsp: 0
299 [140301993219840] INFO perfrun.perfcollector <> - config: pc: 0
300 [140301993219840] INFO perfrun.perfcollector <> - config: umask: 8
300 [140301993219840] INFO perfrun.perfcollector <> - format: cpu/event=0xa2,umask=0x8,name='RESOURCE_STALLS.SB'/
300 [140301993219840] INFO perfrun.perfcollector <> - event: 21: RS_EVENTS.EMPTY_CYCLES
300 [140301993219840] INFO perfrun.perfcollector <> - cccr: addr: 188, value: 53015e
300 [140301993219840] INFO perfrun.perfcollector <> - data: addr: c3, value: ffffffffffe17b7d
300 [140301993219840] INFO perfrun.perfcollector <> - pmu config: cpu
300 [140301993219840] INFO perfrun.perfcollector <> - config: any: 0
300 [140301993219840] INFO perfrun.perfcollector <> - config: cmask: 0
300 [140301993219840] INFO perfrun.perfcollector <> - config: edge: 0
300 [140301993219840] INFO perfrun.perfcollector <> - config: event: 5e
300 [140301993219840] INFO perfrun.perfcollector <> - config: in_tx: 0
300 [140301993219840] INFO perfrun.perfcollector <> - config: in_tx_cp: 0
300 [140301993219840] INFO perfrun.perfcollector <> - config: inv: 0
300 [140301993219840] INFO perfrun.perfcollector <> - config1: ldlat: 0
300 [140301993219840] INFO perfrun.perfcollector <> - config1: offcore_rsp: 0
300 [140301993219840] INFO perfrun.perfcollector <> - config: pc: 0
300 [140301993219840] INFO perfrun.perfcollector <> - config: umask: 1
300 [140301993219840] INFO perfrun.perfcollector <> - format: cpu/event=0x5e,umask=0x1,name='RS_EVENTS.EMPTY_CYCLES'/
300 [140301993219840] INFO perfrun.perfcollector <> - event: 22: RS_EVENTS.EMPTY_END
300 [140301993219840] INFO perfrun.perfcollector <> - cccr: addr: 189, value: 1d7015e
300 [140301993219840] INFO perfrun.perfcollector <> - data: addr: c4, value: fffffffffffcf2bd
300 [140301993219840] INFO perfrun.perfcollector <> - pmu config: cpu
300 [140301993219840] INFO perfrun.perfcollector <> - config: any: 0
300 [140301993219840] INFO perfrun.perfcollector <> - config: cmask: 1
300 [140301993219840] INFO perfrun.perfcollector <> - config: edge: 1
300 [140301993219840] INFO perfrun.perfcollector <> - config: event: 5e
300 [140301993219840] INFO perfrun.perfcollector <> - config: in_tx: 0
300 [140301993219840] INFO perfrun.perfcollector <> - config: in_tx_cp: 0
300 [140301993219840] INFO perfrun.perfcollector <> - config: inv: 1
300 [140301993219840] INFO perfrun.perfcollector <> - config1: ldlat: 0
300 [140301993219840] INFO perfrun.perfcollector <> - config1: offcore_rsp: 0
300 [140301993219840] INFO perfrun.perfcollector <> - config: pc: 0
300 [140301993219840] INFO perfrun.perfcollector <> - config: umask: 1
300 [140301993219840] INFO perfrun.perfcollector <> - format: cpu/cmask=0x1,edge=0x1,event=0x5e,inv=0x1,umask=0x1,name='RS_EVENTS.EMPTY_END'/
300 [140301993219840] INFO perfrun.perfcollector <> - event: 23: UOPS_EXECUTED.CYCLES_GE_1_UOP_EXEC
300 [140301993219840] INFO perfrun.perfcollector <> - cccr: addr: 186, value: 15301b1
300 [140301993219840] INFO perfrun.perfcollector <> - data: addr: c1, value: ffffffffffe17b7d
300 [140301993219840] INFO perfrun.perfcollector <> - pmu config: cpu
300 [140301993219840] INFO perfrun.perfcollector <> - config: any: 0
300 [140301993219840] INFO perfrun.perfcollector <> - config: cmask: 1
300 [140301993219840] INFO perfrun.perfcollector <> - config: edge: 0
300 [140301993219840] INFO perfrun.perfcollector <> - config: event: b1
300 [140301993219840] INFO perfrun.perfcollector <> - config: in_tx: 0
300 [140301993219840] INFO perfrun.perfcollector <> - config: in_tx_cp: 0
300 [140301993219840] INFO perfrun.perfcollector <> - config: inv: 0
300 [140301993219840] INFO perfrun.perfcollector <> - config1: ldlat: 0
300 [140301993219840] INFO perfrun.perfcollector <> - config1: offcore_rsp: 0
300 [140301993219840] INFO perfrun.perfcollector <> - config: pc: 0
300 [140301993219840] INFO perfrun.perfcollector <> - config: umask: 1
300 [140301993219840] INFO perfrun.perfcollector <> - format: cpu/cmask=0x1,event=0xb1,umask=0x1,name='UOPS_EXECUTED.CYCLES_GE_1_UOP_EXEC'/
300 [140301993219840] INFO perfrun.perfcollector <> - event: 24: UOPS_EXECUTED.CYCLES_GE_2_UOPS_EXEC
300 [140301993219840] INFO perfrun.perfcollector <> - cccr: addr: 187, value: 25301b1
300 [140301993219840] INFO perfrun.perfcollector <> - data: addr: c2, value: ffffffffffe17b7d
300 [140301993219840] INFO perfrun.perfcollector <> - pmu config: cpu
300 [140301993219840] INFO perfrun.perfcollector <> - config: any: 0
300 [140301993219840] INFO perfrun.perfcollector <> - config: cmask: 2
300 [140301993219840] INFO perfrun.perfcollector <> - config: edge: 0
300 [140301993219840] INFO perfrun.perfcollector <> - config: event: b1
300 [140301993219840] INFO perfrun.perfcollector <> - config: in_tx: 0
300 [140301993219840] INFO perfrun.perfcollector <> - config: in_tx_cp: 0
300 [140301993219840] INFO perfrun.perfcollector <> - config: inv: 0
300 [140301993219840] INFO perfrun.perfcollector <> - config1: ldlat: 0
300 [140301993219840] INFO perfrun.perfcollector <> - config1: offcore_rsp: 0
300 [140301993219840] INFO perfrun.perfcollector <> - config: pc: 0
300 [140301993219840] INFO perfrun.perfcollector <> - config: umask: 1
300 [140301993219840] INFO perfrun.perfcollector <> - format: cpu/cmask=0x2,event=0xb1,umask=0x1,name='UOPS_EXECUTED.CYCLES_GE_2_UOPS_EXEC'/
300 [140301993219840] INFO perfrun.perfcollector <> - event: 25: UOPS_EXECUTED.CYCLES_GE_3_UOPS_EXEC
300 [140301993219840] INFO perfrun.perfcollector <> - cccr: addr: 188, value: 35301b1
300 [140301993219840] INFO perfrun.perfcollector <> - data: addr: c3, value: ffffffffffe17b7d
300 [140301993219840] INFO perfrun.perfcollector <> - pmu config: cpu
300 [140301993219840] INFO perfrun.perfcollector <> - config: any: 0
300 [140301993219840] INFO perfrun.perfcollector <> - config: cmask: 3
300 [140301993219840] INFO perfrun.perfcollector <> - config: edge: 0
300 [140301993219840] INFO perfrun.perfcollector <> - config: event: b1
300 [140301993219840] INFO perfrun.perfcollector <> - config: in_tx: 0
300 [140301993219840] INFO perfrun.perfcollector <> - config: in_tx_cp: 0
300 [140301993219840] INFO perfrun.perfcollector <> - config: inv: 0
300 [140301993219840] INFO perfrun.perfcollector <> - config1: ldlat: 0
300 [140301993219840] INFO perfrun.perfcollector <> - config1: offcore_rsp: 0
300 [140301993219840] INFO perfrun.perfcollector <> - config: pc: 0
300 [140301993219840] INFO perfrun.perfcollector <> - config: umask: 1
300 [140301993219840] INFO perfrun.perfcollector <> - format: cpu/cmask=0x3,event=0xb1,umask=0x1,name='UOPS_EXECUTED.CYCLES_GE_3_UOPS_EXEC'/
300 [140301993219840] INFO perfrun.perfcollector <> - event: 26: UOPS_ISSUED.ANY
300 [140301993219840] INFO perfrun.perfcollector <> - cccr: addr: 189, value: 53010e
300 [140301993219840] INFO perfrun.perfcollector <> - data: addr: c4, value: ffffffffffe17b7d
300 [140301993219840] INFO perfrun.perfcollector <> - pmu config: cpu
300 [140301993219840] INFO perfrun.perfcollector <> - config: any: 0
300 [140301993219840] INFO perfrun.perfcollector <> - config: cmask: 0
300 [140301993219840] INFO perfrun.perfcollector <> - config: edge: 0
300 [140301993219840] INFO perfrun.perfcollector <> - config: event: e
300 [140301993219840] INFO perfrun.perfcollector <> - config: in_tx: 0
300 [140301993219840] INFO perfrun.perfcollector <> - config: in_tx_cp: 0
300 [140301993219840] INFO perfrun.perfcollector <> - config: inv: 0
300 [140301993219840] INFO perfrun.perfcollector <> - config1: ldlat: 0
300 [140301993219840] INFO perfrun.perfcollector <> - config1: offcore_rsp: 0
300 [140301993219840] INFO perfrun.perfcollector <> - config: pc: 0
300 [140301993219840] INFO perfrun.perfcollector <> - config: umask: 1
300 [140301993219840] INFO perfrun.perfcollector <> - format: cpu/event=0xe,umask=0x1,name='UOPS_ISSUED.ANY'/
300 [140301993219840] INFO perfrun.perfcollector <> - event: 27: CYCLE_ACTIVITY.STALLS_L1D_MISS
300 [140301993219840] INFO perfrun.perfcollector <> - cccr: addr: 188, value: c530ca3
300 [140301993219840] INFO perfrun.perfcollector <> - data: addr: c3, value: ffffffffffe17b7d
300 [140301993219840] INFO perfrun.perfcollector <> - pmu config: cpu
300 [140301993219840] INFO perfrun.perfcollector <> - config: any: 0
300 [140301993219840] INFO perfrun.perfcollector <> - config: cmask: c
300 [140301993219840] INFO perfrun.perfcollector <> - config: edge: 0
300 [140301993219840] INFO perfrun.perfcollector <> - config: event: a3
300 [140301993219840] INFO perfrun.perfcollector <> - config: in_tx: 0
300 [140301993219840] INFO perfrun.perfcollector <> - config: in_tx_cp: 0
300 [140301993219840] INFO perfrun.perfcollector <> - config: inv: 0
300 [140301993219840] INFO perfrun.perfcollector <> - config1: ldlat: 0
300 [140301993219840] INFO perfrun.perfcollector <> - config1: offcore_rsp: 0
300 [140301993219840] INFO perfrun.perfcollector <> - config: pc: 0
300 [140301993219840] INFO perfrun.perfcollector <> - config: umask: c
300 [140301993219840] INFO perfrun.perfcollector <> - format: cpu/cmask=0xc,event=0xa3,umask=0xc,name='CYCLE_ACTIVITY.STALLS_L1D_MISS'/
300 [140301993219840] INFO perfrun.perfcollector <> - event: 28: CYCLE_ACTIVITY.STALLS_L2_MISS
300 [140301993219840] INFO perfrun.perfcollector <> - cccr: addr: 186, value: 55305a3
300 [140301993219840] INFO perfrun.perfcollector <> - data: addr: c1, value: ffffffffffe17b7d
300 [140301993219840] INFO perfrun.perfcollector <> - pmu config: cpu
300 [140301993219840] INFO perfrun.perfcollector <> - config: any: 0
300 [140301993219840] INFO perfrun.perfcollector <> - config: cmask: 5
300 [140301993219840] INFO perfrun.perfcollector <> - config: edge: 0
300 [140301993219840] INFO perfrun.perfcollector <> - config: event: a3
300 [140301993219840] INFO perfrun.perfcollector <> - config: in_tx: 0
300 [140301993219840] INFO perfrun.perfcollector <> - config: in_tx_cp: 0
300 [140301993219840] INFO perfrun.perfcollector <> - config: inv: 0
300 [140301993219840] INFO perfrun.perfcollector <> - config1: ldlat: 0
300 [140301993219840] INFO perfrun.perfcollector <> - config1: offcore_rsp: 0
300 [140301993219840] INFO perfrun.perfcollector <> - config: pc: 0
300 [140301993219840] INFO perfrun.perfcollector <> - config: umask: 5
300 [140301993219840] INFO perfrun.perfcollector <> - format: cpu/cmask=0x5,event=0xa3,umask=0x5,name='CYCLE_ACTIVITY.STALLS_L2_MISS'/
300 [140301993219840] INFO perfrun.perfcollector <> - event: 29: MEM_LOAD_UOPS_RETIRED.L3_HIT_PS
300 [140301993219840] INFO perfrun.perfcollector <> - cccr: addr: 187, value: 4304d1
300 [140301993219840] INFO perfrun.perfcollector <> - data: addr: c2, value: ffffffffffff3cad
300 [140301993219840] INFO perfrun.perfcollector <> - pmu config: cpu
300 [140301993219840] INFO perfrun.perfcollector <> - config: any: 0
300 [140301993219840] INFO perfrun.perfcollector <> - config: cmask: 0
300 [140301993219840] INFO perfrun.perfcollector <> - config: edge: 0
300 [140301993219840] INFO perfrun.perfcollector <> - config: event: d1
300 [140301993219840] INFO perfrun.perfcollector <> - config: in_tx: 0
300 [140301993219840] INFO perfrun.perfcollector <> - config: in_tx_cp: 0
300 [140301993219840] INFO perfrun.perfcollector <> - config: inv: 0
300 [140301993219840] INFO perfrun.perfcollector <> - config1: ldlat: 0
300 [140301993219840] INFO perfrun.perfcollector <> - config1: offcore_rsp: 0
300 [140301993219840] INFO perfrun.perfcollector <> - config: pc: 0
300 [140301993219840] INFO perfrun.perfcollector <> - config: umask: 4
300 [140301993219840] INFO perfrun.perfcollector <> - precise event: event selector has no imprecise bit
300 [140301993219840] INFO perfrun.perfcollector <> - format: cpu/event=0xd1,umask=0x4,name='MEM_LOAD_UOPS_RETIRED.L3_HIT_PS'/
300 [140301993219840] INFO perfrun.perfcollector <> - event: 30: MEM_LOAD_UOPS_RETIRED.L3_MISS_PS
300 [140301993219840] INFO perfrun.perfcollector <> - cccr: addr: 188, value: 4320d1
300 [140301993219840] INFO perfrun.perfcollector <> - data: addr: c3, value: fffffffffffe795d
300 [140301993219840] INFO perfrun.perfcollector <> - pmu config: cpu
300 [140301993219840] INFO perfrun.perfcollector <> - config: any: 0
301 [140301993219840] INFO perfrun.perfcollector <> - config: cmask: 0
301 [140301993219840] INFO perfrun.perfcollector <> - config: edge: 0
301 [140301993219840] INFO perfrun.perfcollector <> - config: event: d1
301 [140301993219840] INFO perfrun.perfcollector <> - config: in_tx: 0
301 [140301993219840] INFO perfrun.perfcollector <> - config: in_tx_cp: 0
301 [140301993219840] INFO perfrun.perfcollector <> - config: inv: 0
301 [140301993219840] INFO perfrun.perfcollector <> - config1: ldlat: 0
301 [140301993219840] INFO perfrun.perfcollector <> - config1: offcore_rsp: 0
301 [140301993219840] INFO perfrun.perfcollector <> - config: pc: 0
301 [140301993219840] INFO perfrun.perfcollector <> - config: umask: 20
301 [140301993219840] INFO perfrun.perfcollector <> - precise event: event selector has no imprecise bit
301 [140301993219840] INFO perfrun.perfcollector <> - format: cpu/event=0xd1,umask=0x20,name='MEM_LOAD_UOPS_RETIRED.L3_MISS_PS'/
301 [140301993219840] INFO perfrun.perfcollector <> - event: 31: UOPS_EXECUTED.CORE:cmask=1
301 [140301993219840] INFO perfrun.perfcollector <> - cccr: addr: 189, value: 15302b1
301 [140301993219840] INFO perfrun.perfcollector <> - data: addr: c4, value: ffffffffffe17b7d
301 [140301993219840] INFO perfrun.perfcollector <> - pmu config: cpu
301 [140301993219840] INFO perfrun.perfcollector <> - config: any: 0
301 [140301993219840] INFO perfrun.perfcollector <> - config: cmask: 1
301 [140301993219840] INFO perfrun.perfcollector <> - config: edge: 0
301 [140301993219840] INFO perfrun.perfcollector <> - config: event: b1
301 [140301993219840] INFO perfrun.perfcollector <> - config: in_tx: 0
301 [140301993219840] INFO perfrun.perfcollector <> - config: in_tx_cp: 0
301 [140301993219840] INFO perfrun.perfcollector <> - config: inv: 0
301 [140301993219840] INFO perfrun.perfcollector <> - config1: ldlat: 0
301 [140301993219840] INFO perfrun.perfcollector <> - config1: offcore_rsp: 0
301 [140301993219840] INFO perfrun.perfcollector <> - config: pc: 0
301 [140301993219840] INFO perfrun.perfcollector <> - config: umask: 2
301 [140301993219840] INFO perfrun.perfcollector <> - format: cpu/cmask=0x1,event=0xb1,umask=0x2,name='UOPS_EXECUTED.CORE:cmask=1'/
301 [140301993219840] INFO perfrun.perfcollector <> - event: 32: UOPS_EXECUTED.CORE:cmask=2
301 [140301993219840] INFO perfrun.perfcollector <> - cccr: addr: 186, value: 25302b1
301 [140301993219840] INFO perfrun.perfcollector <> - data: addr: c1, value: ffffffffffe17b7d
301 [140301993219840] INFO perfrun.perfcollector <> - pmu config: cpu
301 [140301993219840] INFO perfrun.perfcollector <> - config: any: 0
301 [140301993219840] INFO perfrun.perfcollector <> - config: cmask: 2
301 [140301993219840] INFO perfrun.perfcollector <> - config: edge: 0
301 [140301993219840] INFO perfrun.perfcollector <> - config: event: b1
301 [140301993219840] INFO perfrun.perfcollector <> - config: in_tx: 0
301 [140301993219840] INFO perfrun.perfcollector <> - config: in_tx_cp: 0
301 [140301993219840] INFO perfrun.perfcollector <> - config: inv: 0
301 [140301993219840] INFO perfrun.perfcollector <> - config1: ldlat: 0
301 [140301993219840] INFO perfrun.perfcollector <> - config1: offcore_rsp: 0
301 [140301993219840] INFO perfrun.perfcollector <> - config: pc: 0
301 [140301993219840] INFO perfrun.perfcollector <> - config: umask: 2
301 [140301993219840] INFO perfrun.perfcollector <> - format: cpu/cmask=0x2,event=0xb1,umask=0x2,name='UOPS_EXECUTED.CORE:cmask=2'/
301 [140301993219840] INFO perfrun.perfcollector <> - event: 33: UOPS_EXECUTED.CORE:cmask=3
301 [140301993219840] INFO perfrun.perfcollector <> - cccr: addr: 187, value: 35302b1
301 [140301993219840] INFO perfrun.perfcollector <> - data: addr: c2, value: ffffffffffe17b7d
301 [140301993219840] INFO perfrun.perfcollector <> - pmu config: cpu
301 [140301993219840] INFO perfrun.perfcollector <> - config: any: 0
301 [140301993219840] INFO perfrun.perfcollector <> - config: cmask: 3
301 [140301993219840] INFO perfrun.perfcollector <> - config: edge: 0
301 [140301993219840] INFO perfrun.perfcollector <> - config: event: b1
301 [140301993219840] INFO perfrun.perfcollector <> - config: in_tx: 0
301 [140301993219840] INFO perfrun.perfcollector <> - config: in_tx_cp: 0
301 [140301993219840] INFO perfrun.perfcollector <> - config: inv: 0
301 [140301993219840] INFO perfrun.perfcollector <> - config1: ldlat: 0
301 [140301993219840] INFO perfrun.perfcollector <> - config1: offcore_rsp: 0
301 [140301993219840] INFO perfrun.perfcollector <> - config: pc: 0
301 [140301993219840] INFO perfrun.perfcollector <> - config: umask: 2
301 [140301993219840] INFO perfrun.perfcollector <> - format: cpu/cmask=0x3,event=0xb1,umask=0x2,name='UOPS_EXECUTED.CORE:cmask=3'/
301 [140301993219840] INFO perfrun.perfcollector <> - event: 34: OFFCORE_REQUESTS_OUTSTANDING.ALL_DATA_RD:cmask=4
301 [140301993219840] INFO perfrun.perfcollector <> - cccr: addr: 188, value: 4530860
301 [140301993219840] INFO perfrun.perfcollector <> - data: addr: c3, value: ffffffffffe17b7d
301 [140301993219840] INFO perfrun.perfcollector <> - pmu config: cpu
301 [140301993219840] INFO perfrun.perfcollector <> - config: any: 0
301 [140301993219840] INFO perfrun.perfcollector <> - config: cmask: 4
301 [140301993219840] INFO perfrun.perfcollector <> - config: edge: 0
301 [140301993219840] INFO perfrun.perfcollector <> - config: event: 60
301 [140301993219840] INFO perfrun.perfcollector <> - config: in_tx: 0
301 [140301993219840] INFO perfrun.perfcollector <> - config: in_tx_cp: 0
301 [140301993219840] INFO perfrun.perfcollector <> - config: inv: 0
301 [140301993219840] INFO perfrun.perfcollector <> - config1: ldlat: 0
301 [140301993219840] INFO perfrun.perfcollector <> - config1: offcore_rsp: 0
301 [140301993219840] INFO perfrun.perfcollector <> - config: pc: 0
301 [140301993219840] INFO perfrun.perfcollector <> - config: umask: 8
301 [140301993219840] INFO perfrun.perfcollector <> - format: cpu/cmask=0x4,event=0x60,umask=0x8,name='OFFCORE_REQUESTS_OUTSTANDING.ALL_DATA_RD:cmask=4'/
301 [140301993219840] INFO perfrun.perfcollector <> - event: 35: OFFCORE_REQUESTS_OUTSTANDING.CYCLES_WITH_DATA_RD
301 [140301993219840] INFO perfrun.perfcollector <> - cccr: addr: 189, value: 1530860
301 [140301993219840] INFO perfrun.perfcollector <> - data: addr: c4, value: ffffffffffe17b7d
301 [140301993219840] INFO perfrun.perfcollector <> - pmu config: cpu
301 [140301993219840] INFO perfrun.perfcollector <> - config: any: 0
301 [140301993219840] INFO perfrun.perfcollector <> - config: cmask: 1
301 [140301993219840] INFO perfrun.perfcollector <> - config: edge: 0
301 [140301993219840] INFO perfrun.perfcollector <> - config: event: 60
301 [140301993219840] INFO perfrun.perfcollector <> - config: in_tx: 0
301 [140301993219840] INFO perfrun.perfcollector <> - config: in_tx_cp: 0
301 [140301993219840] INFO perfrun.perfcollector <> - config: inv: 0
301 [140301993219840] INFO perfrun.perfcollector <> - config1: ldlat: 0
301 [140301993219840] INFO perfrun.perfcollector <> - config1: offcore_rsp: 0
301 [140301993219840] INFO perfrun.perfcollector <> - config: pc: 0
301 [140301993219840] INFO perfrun.perfcollector <> - config: umask: 8
301 [140301993219840] INFO perfrun.perfcollector <> - format: cpu/cmask=0x1,event=0x60,umask=0x8,name='OFFCORE_REQUESTS_OUTSTANDING.CYCLES_WITH_DATA_RD'/
301 [140301993219840] INFO perfrun.perfcollector <> - event: 36: MEM_UOPS_RETIRED.ALL_LOADS_PS
301 [140301993219840] INFO perfrun.perfcollector <> - cccr: addr: 186, value: 4381d0
301 [140301993219840] INFO perfrun.perfcollector <> - data: addr: c1, value: fffffffffffe795d
301 [140301993219840] INFO perfrun.perfcollector <> - pmu config: cpu
301 [140301993219840] INFO perfrun.perfcollector <> - config: any: 0
301 [140301993219840] INFO perfrun.perfcollector <> - config: cmask: 0
301 [140301993219840] INFO perfrun.perfcollector <> - config: edge: 0
301 [140301993219840] INFO perfrun.perfcollector <> - config: event: d0
301 [140301993219840] INFO perfrun.perfcollector <> - config: in_tx: 0
301 [140301993219840] INFO perfrun.perfcollector <> - config: in_tx_cp: 0
301 [140301993219840] INFO perfrun.perfcollector <> - config: inv: 0
301 [140301993219840] INFO perfrun.perfcollector <> - config1: ldlat: 0
301 [140301993219840] INFO perfrun.perfcollector <> - config1: offcore_rsp: 0
301 [140301993219840] INFO perfrun.perfcollector <> - config: pc: 0
301 [140301993219840] INFO perfrun.perfcollector <> - config: umask: 81
301 [140301993219840] INFO perfrun.perfcollector <> - precise event: event selector has no imprecise bit
301 [140301993219840] INFO perfrun.perfcollector <> - format: cpu/event=0xd0,umask=0x81,name='MEM_UOPS_RETIRED.ALL_LOADS_PS'/
301 [140301993219840] INFO perfrun.perfcollector <> - event: 37: MEM_UOPS_RETIRED.ALL_STORES_PS
301 [140301993219840] INFO perfrun.perfcollector <> - cccr: addr: 187, value: 4382d0
301 [140301993219840] INFO perfrun.perfcollector <> - data: addr: c2, value: fffffffffffe795d
301 [140301993219840] INFO perfrun.perfcollector <> - pmu config: cpu
301 [140301993219840] INFO perfrun.perfcollector <> - config: any: 0
301 [140301993219840] INFO perfrun.perfcollector <> - config: cmask: 0
301 [140301993219840] INFO perfrun.perfcollector <> - config: edge: 0
301 [140301993219840] INFO perfrun.perfcollector <> - config: event: d0
301 [140301993219840] INFO perfrun.perfcollector <> - config: in_tx: 0
301 [140301993219840] INFO perfrun.perfcollector <> - config: in_tx_cp: 0
301 [140301993219840] INFO perfrun.perfcollector <> - config: inv: 0
301 [140301993219840] INFO perfrun.perfcollector <> - config1: ldlat: 0
301 [140301993219840] INFO perfrun.perfcollector <> - config1: offcore_rsp: 0
301 [140301993219840] INFO perfrun.perfcollector <> - config: pc: 0
301 [140301993219840] INFO perfrun.perfcollector <> - config: umask: 82
301 [140301993219840] INFO perfrun.perfcollector <> - precise event: event selector has no imprecise bit
301 [140301993219840] INFO perfrun.perfcollector <> - format: cpu/event=0xd0,umask=0x82,name='MEM_UOPS_RETIRED.ALL_STORES_PS'/
301 [140301993219840] INFO perfrun.perfcollector <> - event: 38: MEM_LOAD_UOPS_L3_MISS_RETIRED.LOCAL_DRAM_PS
301 [140301993219840] INFO perfrun.perfcollector <> - cccr: addr: 188, value: 4301d3
301 [140301993219840] INFO perfrun.perfcollector <> - data: addr: c3, value: fffffffffffe795d
301 [140301993219840] INFO perfrun.perfcollector <> - pmu config: cpu
301 [140301993219840] INFO perfrun.perfcollector <> - config: any: 0
301 [140301993219840] INFO perfrun.perfcollector <> - config: cmask: 0
301 [140301993219840] INFO perfrun.perfcollector <> - config: edge: 0
301 [140301993219840] INFO perfrun.perfcollector <> - config: event: d3
301 [140301993219840] INFO perfrun.perfcollector <> - config: in_tx: 0
301 [140301993219840] INFO perfrun.perfcollector <> - config: in_tx_cp: 0
301 [140301993219840] INFO perfrun.perfcollector <> - config: inv: 0
301 [140301993219840] INFO perfrun.perfcollector <> - config1: ldlat: 0
301 [140301993219840] INFO perfrun.perfcollector <> - config1: offcore_rsp: 0
301 [140301993219840] INFO perfrun.perfcollector <> - config: pc: 0
301 [140301993219840] INFO perfrun.perfcollector <> - config: umask: 1
301 [140301993219840] INFO perfrun.perfcollector <> - precise event: event selector has no imprecise bit
301 [140301993219840] INFO perfrun.perfcollector <> - format: cpu/event=0xd3,umask=0x1,name='MEM_LOAD_UOPS_L3_MISS_RETIRED.LOCAL_DRAM_PS'/
301 [140301993219840] INFO perfrun.perfcollector <> - event: 39: MEM_LOAD_UOPS_L3_MISS_RETIRED.REMOTE_DRAM_PS
301 [140301993219840] INFO perfrun.perfcollector <> - cccr: addr: 189, value: 4304d3
301 [140301993219840] INFO perfrun.perfcollector <> - data: addr: c4, value: fffffffffffe795d
301 [140301993219840] INFO perfrun.perfcollector <> - pmu config: cpu
301 [140301993219840] INFO perfrun.perfcollector <> - config: any: 0
302 [140301993219840] INFO perfrun.perfcollector <> - config: cmask: 0
302 [140301993219840] INFO perfrun.perfcollector <> - config: edge: 0
302 [140301993219840] INFO perfrun.perfcollector <> - config: event: d3
302 [140301993219840] INFO perfrun.perfcollector <> - config: in_tx: 0
302 [140301993219840] INFO perfrun.perfcollector <> - config: in_tx_cp: 0
302 [140301993219840] INFO perfrun.perfcollector <> - config: inv: 0
302 [140301993219840] INFO perfrun.perfcollector <> - config1: ldlat: 0
302 [140301993219840] INFO perfrun.perfcollector <> - config1: offcore_rsp: 0
302 [140301993219840] INFO perfrun.perfcollector <> - config: pc: 0
302 [140301993219840] INFO perfrun.perfcollector <> - config: umask: 4
302 [140301993219840] INFO perfrun.perfcollector <> - precise event: event selector has no imprecise bit
302 [140301993219840] INFO perfrun.perfcollector <> - format: cpu/event=0xd3,umask=0x4,name='MEM_LOAD_UOPS_L3_MISS_RETIRED.REMOTE_DRAM_PS'/
302 [140301993219840] INFO perfrun.perfcollector <> - event: 40: MEM_LOAD_UOPS_L3_MISS_RETIRED.REMOTE_HITM_PS
302 [140301993219840] INFO perfrun.perfcollector <> - cccr: addr: 186, value: 4310d3
302 [140301993219840] INFO perfrun.perfcollector <> - data: addr: c1, value: fffffffffffe795d
302 [140301993219840] INFO perfrun.perfcollector <> - pmu config: cpu
302 [140301993219840] INFO perfrun.perfcollector <> - config: any: 0
302 [140301993219840] INFO perfrun.perfcollector <> - config: cmask: 0
302 [140301993219840] INFO perfrun.perfcollector <> - config: edge: 0
302 [140301993219840] INFO perfrun.perfcollector <> - config: event: d3
302 [140301993219840] INFO perfrun.perfcollector <> - config: in_tx: 0
302 [140301993219840] INFO perfrun.perfcollector <> - config: in_tx_cp: 0
302 [140301993219840] INFO perfrun.perfcollector <> - config: inv: 0
302 [140301993219840] INFO perfrun.perfcollector <> - config1: ldlat: 0
302 [140301993219840] INFO perfrun.perfcollector <> - config1: offcore_rsp: 0
302 [140301993219840] INFO perfrun.perfcollector <> - config: pc: 0
302 [140301993219840] INFO perfrun.perfcollector <> - config: umask: 10
302 [140301993219840] INFO perfrun.perfcollector <> - precise event: event selector has no imprecise bit
302 [140301993219840] INFO perfrun.perfcollector <> - format: cpu/event=0xd3,umask=0x10,name='MEM_LOAD_UOPS_L3_MISS_RETIRED.REMOTE_HITM_PS'/
302 [140301993219840] INFO perfrun.perfcollector <> - event: 41: MEM_LOAD_UOPS_L3_MISS_RETIRED.REMOTE_FWD_PS
302 [140301993219840] INFO perfrun.perfcollector <> - cccr: addr: 187, value: 4320d3
302 [140301993219840] INFO perfrun.perfcollector <> - data: addr: c2, value: fffffffffffe795d
302 [140301993219840] INFO perfrun.perfcollector <> - pmu config: cpu
302 [140301993219840] INFO perfrun.perfcollector <> - config: any: 0
302 [140301993219840] INFO perfrun.perfcollector <> - config: cmask: 0
302 [140301993219840] INFO perfrun.perfcollector <> - config: edge: 0
302 [140301993219840] INFO perfrun.perfcollector <> - config: event: d3
302 [140301993219840] INFO perfrun.perfcollector <> - config: in_tx: 0
302 [140301993219840] INFO perfrun.perfcollector <> - config: in_tx_cp: 0
302 [140301993219840] INFO perfrun.perfcollector <> - config: inv: 0
302 [140301993219840] INFO perfrun.perfcollector <> - config1: ldlat: 0
302 [140301993219840] INFO perfrun.perfcollector <> - config1: offcore_rsp: 0
302 [140301993219840] INFO perfrun.perfcollector <> - config: pc: 0
302 [140301993219840] INFO perfrun.perfcollector <> - config: umask: 20
302 [140301993219840] INFO perfrun.perfcollector <> - precise event: event selector has no imprecise bit
302 [140301993219840] INFO perfrun.perfcollector <> - format: cpu/event=0xd3,umask=0x20,name='MEM_LOAD_UOPS_L3_MISS_RETIRED.REMOTE_FWD_PS'/
302 [140301993219840] INFO perfrun.perfcollector <> - event: 42: OFFCORE_RESPONSE:request=ALL_READS:response=LLC_MISS.LOCAL_DRAM
302 [140301993219840] INFO perfrun.perfcollector <> - cccr: addr: 186, value: 5301b7
302 [140301993219840] INFO perfrun.perfcollector <> - data: addr: c1, value: fffffffffffe795d
302 [140301993219840] INFO perfrun.perfcollector <> - offcore_rsp: 6040007f7
302 [140301993219840] INFO perfrun.perfcollector <> - pmu config: cpu
302 [140301993219840] INFO perfrun.perfcollector <> - config: any: 0
302 [140301993219840] INFO perfrun.perfcollector <> - config: cmask: 0
302 [140301993219840] INFO perfrun.perfcollector <> - config: edge: 0
302 [140301993219840] INFO perfrun.perfcollector <> - config: event: b7
302 [140301993219840] INFO perfrun.perfcollector <> - config: in_tx: 0
302 [140301993219840] INFO perfrun.perfcollector <> - config: in_tx_cp: 0
302 [140301993219840] INFO perfrun.perfcollector <> - config: inv: 0
302 [140301993219840] INFO perfrun.perfcollector <> - config1: ldlat: 0
302 [140301993219840] INFO perfrun.perfcollector <> - config1: offcore_rsp: 6040007f7
302 [140301993219840] INFO perfrun.perfcollector <> - config: pc: 0
302 [140301993219840] INFO perfrun.perfcollector <> - config: umask: 1
302 [140301993219840] INFO perfrun.perfcollector <> - format: cpu/event=0xb7,offcore_rsp=0x6040007f7,umask=0x1,name='OFFCORE_RESPONSE:request=ALL_READS:response=LLC_MISS.LOCAL_DRAM'/
302 [140301993219840] INFO perfrun.perfcollector <> - event: 43: OFFCORE_RESPONSE:request=ALL_READS:response=LLC_MISS.REMOTE_DRAM
302 [140301993219840] INFO perfrun.perfcollector <> - cccr: addr: 187, value: 5301bb
302 [140301993219840] INFO perfrun.perfcollector <> - data: addr: c2, value: fffffffffffe795d
302 [140301993219840] INFO perfrun.perfcollector <> - offcore_rsp: 63bc007f7
302 [140301993219840] INFO perfrun.perfcollector <> - pmu config: cpu
302 [140301993219840] INFO perfrun.perfcollector <> - config: any: 0
302 [140301993219840] INFO perfrun.perfcollector <> - config: cmask: 0
302 [140301993219840] INFO perfrun.perfcollector <> - config: edge: 0
302 [140301993219840] INFO perfrun.perfcollector <> - config: event: bb
302 [140301993219840] INFO perfrun.perfcollector <> - config: in_tx: 0
302 [140301993219840] INFO perfrun.perfcollector <> - config: in_tx_cp: 0
302 [140301993219840] INFO perfrun.perfcollector <> - config: inv: 0
302 [140301993219840] INFO perfrun.perfcollector <> - config1: ldlat: 0
302 [140301993219840] INFO perfrun.perfcollector <> - config1: offcore_rsp: 63bc007f7
302 [140301993219840] INFO perfrun.perfcollector <> - config: pc: 0
302 [140301993219840] INFO perfrun.perfcollector <> - config: umask: 1
302 [140301993219840] INFO perfrun.perfcollector <> - format: cpu/event=0xbb,offcore_rsp=0x63bc007f7,umask=0x1,name='OFFCORE_RESPONSE:request=ALL_READS:response=LLC_MISS.REMOTE_DRAM'/
302 [140301993219840] INFO perfrun.perfcollector <> - event: 44: DTLB_LOAD_MISSES.STLB_HIT
302 [140301993219840] INFO perfrun.perfcollector <> - cccr: addr: 188, value: 536008
302 [140301993219840] INFO perfrun.perfcollector <> - data: addr: c3, value: ffffffffffe17b7d
302 [140301993219840] INFO perfrun.perfcollector <> - pmu config: cpu
302 [140301993219840] INFO perfrun.perfcollector <> - config: any: 0
302 [140301993219840] INFO perfrun.perfcollector <> - config: cmask: 0
302 [140301993219840] INFO perfrun.perfcollector <> - config: edge: 0
302 [140301993219840] INFO perfrun.perfcollector <> - config: event: 8
302 [140301993219840] INFO perfrun.perfcollector <> - config: in_tx: 0
302 [140301993219840] INFO perfrun.perfcollector <> - config: in_tx_cp: 0
302 [140301993219840] INFO perfrun.perfcollector <> - config: inv: 0
302 [140301993219840] INFO perfrun.perfcollector <> - config1: ldlat: 0
302 [140301993219840] INFO perfrun.perfcollector <> - config1: offcore_rsp: 0
302 [140301993219840] INFO perfrun.perfcollector <> - config: pc: 0
302 [140301993219840] INFO perfrun.perfcollector <> - config: umask: 60
302 [140301993219840] INFO perfrun.perfcollector <> - format: cpu/event=0x8,umask=0x60,name='DTLB_LOAD_MISSES.STLB_HIT'/
302 [140301993219840] INFO perfrun.perfcollector <> - event: 45: DTLB_LOAD_MISSES.WALK_COMPLETED
302 [140301993219840] INFO perfrun.perfcollector <> - cccr: addr: 189, value: 530e08
302 [140301993219840] INFO perfrun.perfcollector <> - data: addr: c4, value: fffffffffffe795d
302 [140301993219840] INFO perfrun.perfcollector <> - pmu config: cpu
302 [140301993219840] INFO perfrun.perfcollector <> - config: any: 0
302 [140301993219840] INFO perfrun.perfcollector <> - config: cmask: 0
302 [140301993219840] INFO perfrun.perfcollector <> - config: edge: 0
303 [140301993219840] INFO perfrun.perfcollector <> - config: event: 8
303 [140301993219840] INFO perfrun.perfcollector <> - config: in_tx: 0
303 [140301993219840] INFO perfrun.perfcollector <> - config: in_tx_cp: 0
303 [140301993219840] INFO perfrun.perfcollector <> - config: inv: 0
303 [140301993219840] INFO perfrun.perfcollector <> - config1: ldlat: 0
303 [140301993219840] INFO perfrun.perfcollector <> - config1: offcore_rsp: 0
303 [140301993219840] INFO perfrun.perfcollector <> - config: pc: 0
303 [140301993219840] INFO perfrun.perfcollector <> - config: umask: e
303 [140301993219840] INFO perfrun.perfcollector <> - format: cpu/event=0x8,umask=0xe,name='DTLB_LOAD_MISSES.WALK_COMPLETED'/
303 [140301993219840] INFO perfrun.perfcollector <> - event: 46: DTLB_LOAD_MISSES.WALK_DURATION:cmask=1
303 [140301993219840] INFO perfrun.perfcollector <> - cccr: addr: 186, value: 1531008
303 [140301993219840] INFO perfrun.perfcollector <> - data: addr: c1, value: ffffffffffe17b7d
303 [140301993219840] INFO perfrun.perfcollector <> - pmu config: cpu
303 [140301993219840] INFO perfrun.perfcollector <> - config: any: 0
303 [140301993219840] INFO perfrun.perfcollector <> - config: cmask: 1
303 [140301993219840] INFO perfrun.perfcollector <> - config: edge: 0
303 [140301993219840] INFO perfrun.perfcollector <> - config: event: 8
303 [140301993219840] INFO perfrun.perfcollector <> - config: in_tx: 0
303 [140301993219840] INFO perfrun.perfcollector <> - config: in_tx_cp: 0
303 [140301993219840] INFO perfrun.perfcollector <> - config: inv: 0
303 [140301993219840] INFO perfrun.perfcollector <> - config1: ldlat: 0
303 [140301993219840] INFO perfrun.perfcollector <> - config1: offcore_rsp: 0
303 [140301993219840] INFO perfrun.perfcollector <> - config: pc: 0
303 [140301993219840] INFO perfrun.perfcollector <> - config: umask: 10
303 [140301993219840] INFO perfrun.perfcollector <> - format: cpu/cmask=0x1,event=0x8,umask=0x10,name='DTLB_LOAD_MISSES.WALK_DURATION:cmask=1'/
303 [140301993219840] INFO perfrun.perfcollector <> - event: 47: DTLB_STORE_MISSES.STLB_HIT
303 [140301993219840] INFO perfrun.perfcollector <> - cccr: addr: 187, value: 536049
303 [140301993219840] INFO perfrun.perfcollector <> - data: addr: c2, value: fffffffffffe795d
303 [140301993219840] INFO perfrun.perfcollector <> - pmu config: cpu
303 [140301993219840] INFO perfrun.perfcollector <> - config: any: 0
303 [140301993219840] INFO perfrun.perfcollector <> - config: cmask: 0
303 [140301993219840] INFO perfrun.perfcollector <> - config: edge: 0
303 [140301993219840] INFO perfrun.perfcollector <> - config: event: 49
303 [140301993219840] INFO perfrun.perfcollector <> - config: in_tx: 0
303 [140301993219840] INFO perfrun.perfcollector <> - config: in_tx_cp: 0
303 [140301993219840] INFO perfrun.perfcollector <> - config: inv: 0
303 [140301993219840] INFO perfrun.perfcollector <> - config1: ldlat: 0
303 [140301993219840] INFO perfrun.perfcollector <> - config1: offcore_rsp: 0
303 [140301993219840] INFO perfrun.perfcollector <> - config: pc: 0
303 [140301993219840] INFO perfrun.perfcollector <> - config: umask: 60
303 [140301993219840] INFO perfrun.perfcollector <> - format: cpu/event=0x49,umask=0x60,name='DTLB_STORE_MISSES.STLB_HIT'/
303 [140301993219840] INFO perfrun.perfcollector <> - event: 48: DTLB_STORE_MISSES.WALK_COMPLETED
303 [140301993219840] INFO perfrun.perfcollector <> - cccr: addr: 188, value: 530e49
303 [140301993219840] INFO perfrun.perfcollector <> - data: addr: c3, value: fffffffffffe795d
303 [140301993219840] INFO perfrun.perfcollector <> - pmu config: cpu
303 [140301993219840] INFO perfrun.perfcollector <> - config: any: 0
303 [140301993219840] INFO perfrun.perfcollector <> - config: cmask: 0
303 [140301993219840] INFO perfrun.perfcollector <> - config: edge: 0
303 [140301993219840] INFO perfrun.perfcollector <> - config: event: 49
303 [140301993219840] INFO perfrun.perfcollector <> - config: in_tx: 0
303 [140301993219840] INFO perfrun.perfcollector <> - config: in_tx_cp: 0
303 [140301993219840] INFO perfrun.perfcollector <> - config: inv: 0
303 [140301993219840] INFO perfrun.perfcollector <> - config1: ldlat: 0
303 [140301993219840] INFO perfrun.perfcollector <> - config1: offcore_rsp: 0
303 [140301993219840] INFO perfrun.perfcollector <> - config: pc: 0
303 [140301993219840] INFO perfrun.perfcollector <> - config: umask: e
303 [140301993219840] INFO perfrun.perfcollector <> - format: cpu/event=0x49,umask=0xe,name='DTLB_STORE_MISSES.WALK_COMPLETED'/
303 [140301993219840] INFO perfrun.perfcollector <> - event: 49: DTLB_STORE_MISSES.WALK_DURATION:cmask=1
303 [140301993219840] INFO perfrun.perfcollector <> - cccr: addr: 189, value: 1531049
303 [140301993219840] INFO perfrun.perfcollector <> - data: addr: c4, value: fffffffffffe795d
303 [140301993219840] INFO perfrun.perfcollector <> - pmu config: cpu
303 [140301993219840] INFO perfrun.perfcollector <> - config: any: 0
303 [140301993219840] INFO perfrun.perfcollector <> - config: cmask: 1
303 [140301993219840] INFO perfrun.perfcollector <> - config: edge: 0
303 [140301993219840] INFO perfrun.perfcollector <> - config: event: 49
303 [140301993219840] INFO perfrun.perfcollector <> - config: in_tx: 0
303 [140301993219840] INFO perfrun.perfcollector <> - config: in_tx_cp: 0
303 [140301993219840] INFO perfrun.perfcollector <> - config: inv: 0
303 [140301993219840] INFO perfrun.perfcollector <> - config1: ldlat: 0
303 [140301993219840] INFO perfrun.perfcollector <> - config1: offcore_rsp: 0
303 [140301993219840] INFO perfrun.perfcollector <> - config: pc: 0
303 [140301993219840] INFO perfrun.perfcollector <> - config: umask: 10
303 [140301993219840] INFO perfrun.perfcollector <> - format: cpu/cmask=0x1,event=0x49,umask=0x10,name='DTLB_STORE_MISSES.WALK_DURATION:cmask=1'/
303 [140301993219840] INFO perfrun.perfcollector <> - event: 50: L1D_PEND_MISS.FB_FULL:cmask=1
303 [140301993219840] INFO perfrun.perfcollector <> - cccr: addr: 186, value: 1530248
303 [140301993219840] INFO perfrun.perfcollector <> - data: addr: c1, value: ffffffffffe17b7d
303 [140301993219840] INFO perfrun.perfcollector <> - pmu config: cpu
303 [140301993219840] INFO perfrun.perfcollector <> - config: any: 0
303 [140301993219840] INFO perfrun.perfcollector <> - config: cmask: 1
303 [140301993219840] INFO perfrun.perfcollector <> - config: edge: 0
303 [140301993219840] INFO perfrun.perfcollector <> - config: event: 48
303 [140301993219840] INFO perfrun.perfcollector <> - config: in_tx: 0
303 [140301993219840] INFO perfrun.perfcollector <> - config: in_tx_cp: 0
303 [140301993219840] INFO perfrun.perfcollector <> - config: inv: 0
303 [140301993219840] INFO perfrun.perfcollector <> - config1: ldlat: 0
303 [140301993219840] INFO perfrun.perfcollector <> - config1: offcore_rsp: 0
303 [140301993219840] INFO perfrun.perfcollector <> - config: pc: 0
303 [140301993219840] INFO perfrun.perfcollector <> - config: umask: 2
303 [140301993219840] INFO perfrun.perfcollector <> - format: cpu/cmask=0x1,event=0x48,umask=0x2,name='L1D_PEND_MISS.FB_FULL:cmask=1'/
303 [140301993219840] INFO perfrun.perfcollector <> - event: 51: L1D_PEND_MISS.PENDING
303 [140301993219840] INFO perfrun.perfcollector <> - cccr: addr: 188, value: 530148
303 [140301993219840] INFO perfrun.perfcollector <> - data: addr: c3, value: ffffffffffe17b7d
303 [140301993219840] INFO perfrun.perfcollector <> - pmu config: cpu
303 [140301993219840] INFO perfrun.perfcollector <> - config: any: 0
303 [140301993219840] INFO perfrun.perfcollector <> - config: cmask: 0
303 [140301993219840] INFO perfrun.perfcollector <> - config: edge: 0
303 [140301993219840] INFO perfrun.perfcollector <> - config: event: 48
303 [140301993219840] INFO perfrun.perfcollector <> - config: in_tx: 0
303 [140301993219840] INFO perfrun.perfcollector <> - config: in_tx_cp: 0
303 [140301993219840] INFO perfrun.perfcollector <> - config: inv: 0
303 [140301993219840] INFO perfrun.perfcollector <> - config1: ldlat: 0
303 [140301993219840] INFO perfrun.perfcollector <> - config1: offcore_rsp: 0
303 [140301993219840] INFO perfrun.perfcollector <> - config: pc: 0
303 [140301993219840] INFO perfrun.perfcollector <> - config: umask: 1
303 [140301993219840] INFO perfrun.perfcollector <> - format: cpu/event=0x48,umask=0x1,name='L1D_PEND_MISS.PENDING'/
303 [140301993219840] INFO perfrun.perfcollector <> - event: 52: L2_RQSTS.RFO_HIT
303 [140301993219840] INFO perfrun.perfcollector <> - cccr: addr: 187, value: 53c224
303 [140301993219840] INFO perfrun.perfcollector <> - data: addr: c2, value: fffffffffffcf2bd
303 [140301993219840] INFO perfrun.perfcollector <> - pmu config: cpu
303 [140301993219840] INFO perfrun.perfcollector <> - config: any: 0
303 [140301993219840] INFO perfrun.perfcollector <> - config: cmask: 0
303 [140301993219840] INFO perfrun.perfcollector <> - config: edge: 0
303 [140301993219840] INFO perfrun.perfcollector <> - config: event: 24
303 [140301993219840] INFO perfrun.perfcollector <> - config: in_tx: 0
303 [140301993219840] INFO perfrun.perfcollector <> - config: in_tx_cp: 0
303 [140301993219840] INFO perfrun.perfcollector <> - config: inv: 0
303 [140301993219840] INFO perfrun.perfcollector <> - config1: ldlat: 0
303 [140301993219840] INFO perfrun.perfcollector <> - config1: offcore_rsp: 0
303 [140301993219840] INFO perfrun.perfcollector <> - config: pc: 0
303 [140301993219840] INFO perfrun.perfcollector <> - config: umask: c2
303 [140301993219840] INFO perfrun.perfcollector <> - format: cpu/event=0x24,umask=0xc2,name='L2_RQSTS.RFO_HIT'/
303 [140301993219840] INFO perfrun.perfcollector <> - event: 53: LD_BLOCKS.NO_SR
303 [140301993219840] INFO perfrun.perfcollector <> - cccr: addr: 188, value: 530803
303 [140301993219840] INFO perfrun.perfcollector <> - data: addr: c3, value: fffffffffffe795d
303 [140301993219840] INFO perfrun.perfcollector <> - pmu config: cpu
303 [140301993219840] INFO perfrun.perfcollector <> - config: any: 0
303 [140301993219840] INFO perfrun.perfcollector <> - config: cmask: 0
303 [140301993219840] INFO perfrun.perfcollector <> - config: edge: 0
303 [140301993219840] INFO perfrun.perfcollector <> - config: event: 3
303 [140301993219840] INFO perfrun.perfcollector <> - config: in_tx: 0
303 [140301993219840] INFO perfrun.perfcollector <> - config: in_tx_cp: 0
303 [140301993219840] INFO perfrun.perfcollector <> - config: inv: 0
303 [140301993219840] INFO perfrun.perfcollector <> - config1: ldlat: 0
303 [140301993219840] INFO perfrun.perfcollector <> - config1: offcore_rsp: 0
303 [140301993219840] INFO perfrun.perfcollector <> - config: pc: 0
303 [140301993219840] INFO perfrun.perfcollector <> - config: umask: 8
303 [140301993219840] INFO perfrun.perfcollector <> - format: cpu/event=0x3,umask=0x8,name='LD_BLOCKS.NO_SR'/
303 [140301993219840] INFO perfrun.perfcollector <> - event: 54: LD_BLOCKS.STORE_FORWARD
303 [140301993219840] INFO perfrun.perfcollector <> - cccr: addr: 189, value: 530203
303 [140301993219840] INFO perfrun.perfcollector <> - data: addr: c4, value: fffffffffffe795d
303 [140301993219840] INFO perfrun.perfcollector <> - pmu config: cpu
303 [140301993219840] INFO perfrun.perfcollector <> - config: any: 0
303 [140301993219840] INFO perfrun.perfcollector <> - config: cmask: 0
303 [140301993219840] INFO perfrun.perfcollector <> - config: edge: 0
303 [140301993219840] INFO perfrun.perfcollector <> - config: event: 3
303 [140301993219840] INFO perfrun.perfcollector <> - config: in_tx: 0
303 [140301993219840] INFO perfrun.perfcollector <> - config: in_tx_cp: 0
303 [140301993219840] INFO perfrun.perfcollector <> - config: inv: 0
303 [140301993219840] INFO perfrun.perfcollector <> - config1: ldlat: 0
303 [140301993219840] INFO perfrun.perfcollector <> - config1: offcore_rsp: 0
303 [140301993219840] INFO perfrun.perfcollector <> - config: pc: 0
303 [140301993219840] INFO perfrun.perfcollector <> - config: umask: 2
304 [140301993219840] INFO perfrun.perfcollector <> - format: cpu/event=0x3,umask=0x2,name='LD_BLOCKS.STORE_FORWARD'/
304 [140301993219840] INFO perfrun.perfcollector <> - event: 55: LD_BLOCKS_PARTIAL.ADDRESS_ALIAS
304 [140301993219840] INFO perfrun.perfcollector <> - cccr: addr: 186, value: 530107
304 [140301993219840] INFO perfrun.perfcollector <> - data: addr: c1, value: fffffffffffe795d
304 [140301993219840] INFO perfrun.perfcollector <> - pmu config: cpu
304 [140301993219840] INFO perfrun.perfcollector <> - config: any: 0
304 [140301993219840] INFO perfrun.perfcollector <> - config: cmask: 0
304 [140301993219840] INFO perfrun.perfcollector <> - config: edge: 0
304 [140301993219840] INFO perfrun.perfcollector <> - config: event: 7
304 [140301993219840] INFO perfrun.perfcollector <> - config: in_tx: 0
304 [140301993219840] INFO perfrun.perfcollector <> - config: in_tx_cp: 0
304 [140301993219840] INFO perfrun.perfcollector <> - config: inv: 0
304 [140301993219840] INFO perfrun.perfcollector <> - config1: ldlat: 0
304 [140301993219840] INFO perfrun.perfcollector <> - config1: offcore_rsp: 0
304 [140301993219840] INFO perfrun.perfcollector <> - config: pc: 0
304 [140301993219840] INFO perfrun.perfcollector <> - config: umask: 1
304 [140301993219840] INFO perfrun.perfcollector <> - format: cpu/event=0x7,umask=0x1,name='LD_BLOCKS_PARTIAL.ADDRESS_ALIAS'/
304 [140301993219840] INFO perfrun.perfcollector <> - event: 56: MEM_LOAD_UOPS_L3_HIT_RETIRED.XSNP_HITM_PS
304 [140301993219840] INFO perfrun.perfcollector <> - cccr: addr: 187, value: 4304d2
304 [140301993219840] INFO perfrun.perfcollector <> - data: addr: c2, value: ffffffffffffb1d5
304 [140301993219840] INFO perfrun.perfcollector <> - pmu config: cpu
304 [140301993219840] INFO perfrun.perfcollector <> - config: any: 0
304 [140301993219840] INFO perfrun.perfcollector <> - config: cmask: 0
304 [140301993219840] INFO perfrun.perfcollector <> - config: edge: 0
304 [140301993219840] INFO perfrun.perfcollector <> - config: event: d2
304 [140301993219840] INFO perfrun.perfcollector <> - config: in_tx: 0
304 [140301993219840] INFO perfrun.perfcollector <> - config: in_tx_cp: 0
304 [140301993219840] INFO perfrun.perfcollector <> - config: inv: 0
304 [140301993219840] INFO perfrun.perfcollector <> - config1: ldlat: 0
304 [140301993219840] INFO perfrun.perfcollector <> - config1: offcore_rsp: 0
304 [140301993219840] INFO perfrun.perfcollector <> - config: pc: 0
304 [140301993219840] INFO perfrun.perfcollector <> - config: umask: 4
304 [140301993219840] INFO perfrun.perfcollector <> - precise event: event selector has no imprecise bit
304 [140301993219840] INFO perfrun.perfcollector <> - format: cpu/event=0xd2,umask=0x4,name='MEM_LOAD_UOPS_L3_HIT_RETIRED.XSNP_HITM_PS'/
304 [140301993219840] INFO perfrun.perfcollector <> - event: 57: MEM_LOAD_UOPS_L3_HIT_RETIRED.XSNP_HIT_PS
304 [140301993219840] INFO perfrun.perfcollector <> - cccr: addr: 188, value: 4302d2
304 [140301993219840] INFO perfrun.perfcollector <> - data: addr: c3, value: ffffffffffffb1d5
304 [140301993219840] INFO perfrun.perfcollector <> - pmu config: cpu
304 [140301993219840] INFO perfrun.perfcollector <> - config: any: 0
304 [140301993219840] INFO perfrun.perfcollector <> - config: cmask: 0
304 [140301993219840] INFO perfrun.perfcollector <> - config: edge: 0
304 [140301993219840] INFO perfrun.perfcollector <> - config: event: d2
304 [140301993219840] INFO perfrun.perfcollector <> - config: in_tx: 0
304 [140301993219840] INFO perfrun.perfcollector <> - config: in_tx_cp: 0
304 [140301993219840] INFO perfrun.perfcollector <> - config: inv: 0
304 [140301993219840] INFO perfrun.perfcollector <> - config1: ldlat: 0
304 [140301993219840] INFO perfrun.perfcollector <> - config1: offcore_rsp: 0
304 [140301993219840] INFO perfrun.perfcollector <> - config: pc: 0
304 [140301993219840] INFO perfrun.perfcollector <> - config: umask: 2
304 [140301993219840] INFO perfrun.perfcollector <> - precise event: event selector has no imprecise bit
304 [140301993219840] INFO perfrun.perfcollector <> - format: cpu/event=0xd2,umask=0x2,name='MEM_LOAD_UOPS_L3_HIT_RETIRED.XSNP_HIT_PS'/
304 [140301993219840] INFO perfrun.perfcollector <> - event: 58: MEM_LOAD_UOPS_L3_HIT_RETIRED.XSNP_MISS_PS
304 [140301993219840] INFO perfrun.perfcollector <> - cccr: addr: 189, value: 4301d2
304 [140301993219840] INFO perfrun.perfcollector <> - data: addr: c4, value: ffffffffffffb1d5
304 [140301993219840] INFO perfrun.perfcollector <> - pmu config: cpu
304 [140301993219840] INFO perfrun.perfcollector <> - config: any: 0
304 [140301993219840] INFO perfrun.perfcollector <> - config: cmask: 0
304 [140301993219840] INFO perfrun.perfcollector <> - config: edge: 0
304 [140301993219840] INFO perfrun.perfcollector <> - config: event: d2
304 [140301993219840] INFO perfrun.perfcollector <> - config: in_tx: 0
304 [140301993219840] INFO perfrun.perfcollector <> - config: in_tx_cp: 0
304 [140301993219840] INFO perfrun.perfcollector <> - config: inv: 0
304 [140301993219840] INFO perfrun.perfcollector <> - config1: ldlat: 0
304 [140301993219840] INFO perfrun.perfcollector <> - config1: offcore_rsp: 0
304 [140301993219840] INFO perfrun.perfcollector <> - config: pc: 0
304 [140301993219840] INFO perfrun.perfcollector <> - config: umask: 1
304 [140301993219840] INFO perfrun.perfcollector <> - precise event: event selector has no imprecise bit
304 [140301993219840] INFO perfrun.perfcollector <> - format: cpu/event=0xd2,umask=0x1,name='MEM_LOAD_UOPS_L3_HIT_RETIRED.XSNP_MISS_PS'/
304 [140301993219840] INFO perfrun.perfcollector <> - event: 59: MEM_LOAD_UOPS_RETIRED.HIT_LFB_PS
304 [140301993219840] INFO perfrun.perfcollector <> - cccr: addr: 186, value: 4340d1
304 [140301993219840] INFO perfrun.perfcollector <> - data: addr: c1, value: fffffffffffe795d
304 [140301993219840] INFO perfrun.perfcollector <> - pmu config: cpu
304 [140301993219840] INFO perfrun.perfcollector <> - config: any: 0
304 [140301993219840] INFO perfrun.perfcollector <> - config: cmask: 0
304 [140301993219840] INFO perfrun.perfcollector <> - config: edge: 0
304 [140301993219840] INFO perfrun.perfcollector <> - config: event: d1
304 [140301993219840] INFO perfrun.perfcollector <> - config: in_tx: 0
304 [140301993219840] INFO perfrun.perfcollector <> - config: in_tx_cp: 0
304 [140301993219840] INFO perfrun.perfcollector <> - config: inv: 0
304 [140301993219840] INFO perfrun.perfcollector <> - config1: ldlat: 0
304 [140301993219840] INFO perfrun.perfcollector <> - config1: offcore_rsp: 0
304 [140301993219840] INFO perfrun.perfcollector <> - config: pc: 0
304 [140301993219840] INFO perfrun.perfcollector <> - config: umask: 40
304 [140301993219840] INFO perfrun.perfcollector <> - precise event: event selector has no imprecise bit
304 [140301993219840] INFO perfrun.perfcollector <> - format: cpu/event=0xd1,umask=0x40,name='MEM_LOAD_UOPS_RETIRED.HIT_LFB_PS'/
304 [140301993219840] INFO perfrun.perfcollector <> - event: 60: MEM_LOAD_UOPS_RETIRED.L1_HIT_PS
304 [140301993219840] INFO perfrun.perfcollector <> - cccr: addr: 187, value: 4301d1
304 [140301993219840] INFO perfrun.perfcollector <> - data: addr: c2, value: ffffffffffe17b7d
304 [140301993219840] INFO perfrun.perfcollector <> - pmu config: cpu
304 [140301993219840] INFO perfrun.perfcollector <> - config: any: 0
304 [140301993219840] INFO perfrun.perfcollector <> - config: cmask: 0
304 [140301993219840] INFO perfrun.perfcollector <> - config: edge: 0
304 [140301993219840] INFO perfrun.perfcollector <> - config: event: d1
304 [140301993219840] INFO perfrun.perfcollector <> - config: in_tx: 0
304 [140301993219840] INFO perfrun.perfcollector <> - config: in_tx_cp: 0
304 [140301993219840] INFO perfrun.perfcollector <> - config: inv: 0
304 [140301993219840] INFO perfrun.perfcollector <> - config1: ldlat: 0
304 [140301993219840] INFO perfrun.perfcollector <> - config1: offcore_rsp: 0
304 [140301993219840] INFO perfrun.perfcollector <> - config: pc: 0
304 [140301993219840] INFO perfrun.perfcollector <> - config: umask: 1
304 [140301993219840] INFO perfrun.perfcollector <> - precise event: event selector has no imprecise bit
304 [140301993219840] INFO perfrun.perfcollector <> - format: cpu/event=0xd1,umask=0x1,name='MEM_LOAD_UOPS_RETIRED.L1_HIT_PS'/
304 [140301993219840] INFO perfrun.perfcollector <> - event: 61: MEM_LOAD_UOPS_RETIRED.L1_MISS
304 [140301993219840] INFO perfrun.perfcollector <> - cccr: addr: 188, value: 5308d1
304 [140301993219840] INFO perfrun.perfcollector <> - data: addr: c3, value: fffffffffffe795d
304 [140301993219840] INFO perfrun.perfcollector <> - pmu config: cpu
304 [140301993219840] INFO perfrun.perfcollector <> - config: any: 0
304 [140301993219840] INFO perfrun.perfcollector <> - config: cmask: 0
304 [140301993219840] INFO perfrun.perfcollector <> - config: edge: 0
304 [140301993219840] INFO perfrun.perfcollector <> - config: event: d1
304 [140301993219840] INFO perfrun.perfcollector <> - config: in_tx: 0
304 [140301993219840] INFO perfrun.perfcollector <> - config: in_tx_cp: 0
304 [140301993219840] INFO perfrun.perfcollector <> - config: inv: 0
304 [140301993219840] INFO perfrun.perfcollector <> - config1: ldlat: 0
304 [140301993219840] INFO perfrun.perfcollector <> - config1: offcore_rsp: 0
304 [140301993219840] INFO perfrun.perfcollector <> - config: pc: 0
304 [140301993219840] INFO perfrun.perfcollector <> - config: umask: 8
304 [140301993219840] INFO perfrun.perfcollector <> - format: cpu/event=0xd1,umask=0x8,name='MEM_LOAD_UOPS_RETIRED.L1_MISS'/
304 [140301993219840] INFO perfrun.perfcollector <> - event: 62: MEM_LOAD_UOPS_RETIRED.L2_HIT_PS
304 [140301993219840] INFO perfrun.perfcollector <> - cccr: addr: 189, value: 4302d1
304 [140301993219840] INFO perfrun.perfcollector <> - data: addr: c4, value: fffffffffffe795d
304 [140301993219840] INFO perfrun.perfcollector <> - pmu config: cpu
304 [140301993219840] INFO perfrun.perfcollector <> - config: any: 0
304 [140301993219840] INFO perfrun.perfcollector <> - config: cmask: 0
304 [140301993219840] INFO perfrun.perfcollector <> - config: edge: 0
304 [140301993219840] INFO perfrun.perfcollector <> - config: event: d1
304 [140301993219840] INFO perfrun.perfcollector <> - config: in_tx: 0
304 [140301993219840] INFO perfrun.perfcollector <> - config: in_tx_cp: 0
304 [140301993219840] INFO perfrun.perfcollector <> - config: inv: 0
304 [140301993219840] INFO perfrun.perfcollector <> - config1: ldlat: 0
304 [140301993219840] INFO perfrun.perfcollector <> - config1: offcore_rsp: 0
304 [140301993219840] INFO perfrun.perfcollector <> - config: pc: 0
304 [140301993219840] INFO perfrun.perfcollector <> - config: umask: 2
304 [140301993219840] INFO perfrun.perfcollector <> - precise event: event selector has no imprecise bit
304 [140301993219840] INFO perfrun.perfcollector <> - format: cpu/event=0xd1,umask=0x2,name='MEM_LOAD_UOPS_RETIRED.L2_HIT_PS'/
304 [140301993219840] INFO perfrun.perfcollector <> - event: 63: MEM_UOPS_RETIRED.LOCK_LOADS_PS
304 [140301993219840] INFO perfrun.perfcollector <> - cccr: addr: 186, value: 4321d0
304 [140301993219840] INFO perfrun.perfcollector <> - data: addr: c1, value: fffffffffffe7959
304 [140301993219840] INFO perfrun.perfcollector <> - pmu config: cpu
304 [140301993219840] INFO perfrun.perfcollector <> - config: any: 0
304 [140301993219840] INFO perfrun.perfcollector <> - config: cmask: 0
304 [140301993219840] INFO perfrun.perfcollector <> - config: edge: 0
304 [140301993219840] INFO perfrun.perfcollector <> - config: event: d0
304 [140301993219840] INFO perfrun.perfcollector <> - config: in_tx: 0
304 [140301993219840] INFO perfrun.perfcollector <> - config: in_tx_cp: 0
304 [140301993219840] INFO perfrun.perfcollector <> - config: inv: 0
304 [140301993219840] INFO perfrun.perfcollector <> - config1: ldlat: 0
304 [140301993219840] INFO perfrun.perfcollector <> - config1: offcore_rsp: 0
304 [140301993219840] INFO perfrun.perfcollector <> - config: pc: 0
304 [140301993219840] INFO perfrun.perfcollector <> - config: umask: 21
304 [140301993219840] INFO perfrun.perfcollector <> - precise event: event selector has no imprecise bit
304 [140301993219840] INFO perfrun.perfcollector <> - format: cpu/event=0xd0,umask=0x21,name='MEM_UOPS_RETIRED.LOCK_LOADS_PS'/
304 [140301993219840] INFO perfrun.perfcollector <> - event: 64: MEM_UOPS_RETIRED.SPLIT_LOADS_PS
304 [140301993219840] INFO perfrun.perfcollector <> - cccr: addr: 187, value: 4341d0
305 [140301993219840] INFO perfrun.perfcollector <> - data: addr: c2, value: fffffffffffe795d
305 [140301993219840] INFO perfrun.perfcollector <> - pmu config: cpu
305 [140301993219840] INFO perfrun.perfcollector <> - config: any: 0
305 [140301993219840] INFO perfrun.perfcollector <> - config: cmask: 0
305 [140301993219840] INFO perfrun.perfcollector <> - config: edge: 0
305 [140301993219840] INFO perfrun.perfcollector <> - config: event: d0
305 [140301993219840] INFO perfrun.perfcollector <> - config: in_tx: 0
305 [140301993219840] INFO perfrun.perfcollector <> - config: in_tx_cp: 0
305 [140301993219840] INFO perfrun.perfcollector <> - config: inv: 0
305 [140301993219840] INFO perfrun.perfcollector <> - config1: ldlat: 0
305 [140301993219840] INFO perfrun.perfcollector <> - config1: offcore_rsp: 0
305 [140301993219840] INFO perfrun.perfcollector <> - config: pc: 0
305 [140301993219840] INFO perfrun.perfcollector <> - config: umask: 41
305 [140301993219840] INFO perfrun.perfcollector <> - precise event: event selector has no imprecise bit
305 [140301993219840] INFO perfrun.perfcollector <> - format: cpu/event=0xd0,umask=0x41,name='MEM_UOPS_RETIRED.SPLIT_LOADS_PS'/
305 [140301993219840] INFO perfrun.perfcollector <> - event: 65: MEM_UOPS_RETIRED.SPLIT_STORES_PS
305 [140301993219840] INFO perfrun.perfcollector <> - cccr: addr: 188, value: 4342d0
305 [140301993219840] INFO perfrun.perfcollector <> - data: addr: c3, value: fffffffffffe795d
305 [140301993219840] INFO perfrun.perfcollector <> - pmu config: cpu
305 [140301993219840] INFO perfrun.perfcollector <> - config: any: 0
305 [140301993219840] INFO perfrun.perfcollector <> - config: cmask: 0
305 [140301993219840] INFO perfrun.perfcollector <> - config: edge: 0
305 [140301993219840] INFO perfrun.perfcollector <> - config: event: d0
305 [140301993219840] INFO perfrun.perfcollector <> - config: in_tx: 0
305 [140301993219840] INFO perfrun.perfcollector <> - config: in_tx_cp: 0
305 [140301993219840] INFO perfrun.perfcollector <> - config: inv: 0
305 [140301993219840] INFO perfrun.perfcollector <> - config1: ldlat: 0
305 [140301993219840] INFO perfrun.perfcollector <> - config1: offcore_rsp: 0
305 [140301993219840] INFO perfrun.perfcollector <> - config: pc: 0
305 [140301993219840] INFO perfrun.perfcollector <> - config: umask: 42
305 [140301993219840] INFO perfrun.perfcollector <> - precise event: event selector has no imprecise bit
305 [140301993219840] INFO perfrun.perfcollector <> - format: cpu/event=0xd0,umask=0x42,name='MEM_UOPS_RETIRED.SPLIT_STORES_PS'/
305 [140301993219840] INFO perfrun.perfcollector <> - event: 66: MEM_UOPS_RETIRED.STLB_MISS_LOADS_PS
305 [140301993219840] INFO perfrun.perfcollector <> - cccr: addr: 189, value: 4311d0
305 [140301993219840] INFO perfrun.perfcollector <> - data: addr: c4, value: fffffffffffe795d
305 [140301993219840] INFO perfrun.perfcollector <> - pmu config: cpu
305 [140301993219840] INFO perfrun.perfcollector <> - config: any: 0
305 [140301993219840] INFO perfrun.perfcollector <> - config: cmask: 0
305 [140301993219840] INFO perfrun.perfcollector <> - config: edge: 0
305 [140301993219840] INFO perfrun.perfcollector <> - config: event: d0
305 [140301993219840] INFO perfrun.perfcollector <> - config: in_tx: 0
305 [140301993219840] INFO perfrun.perfcollector <> - config: in_tx_cp: 0
305 [140301993219840] INFO perfrun.perfcollector <> - config: inv: 0
305 [140301993219840] INFO perfrun.perfcollector <> - config1: ldlat: 0
305 [140301993219840] INFO perfrun.perfcollector <> - config1: offcore_rsp: 0
305 [140301993219840] INFO perfrun.perfcollector <> - config: pc: 0
305 [140301993219840] INFO perfrun.perfcollector <> - config: umask: 11
305 [140301993219840] INFO perfrun.perfcollector <> - precise event: event selector has no imprecise bit
305 [140301993219840] INFO perfrun.perfcollector <> - format: cpu/event=0xd0,umask=0x11,name='MEM_UOPS_RETIRED.STLB_MISS_LOADS_PS'/
305 [140301993219840] INFO perfrun.perfcollector <> - event: 67: MEM_UOPS_RETIRED.STLB_MISS_STORES_PS
305 [140301993219840] INFO perfrun.perfcollector <> - cccr: addr: 186, value: 4312d0
305 [140301993219840] INFO perfrun.perfcollector <> - data: addr: c1, value: fffffffffffe795d
305 [140301993219840] INFO perfrun.perfcollector <> - pmu config: cpu
305 [140301993219840] INFO perfrun.perfcollector <> - config: any: 0
305 [140301993219840] INFO perfrun.perfcollector <> - config: cmask: 0
305 [140301993219840] INFO perfrun.perfcollector <> - config: edge: 0
305 [140301993219840] INFO perfrun.perfcollector <> - config: event: d0
305 [140301993219840] INFO perfrun.perfcollector <> - config: in_tx: 0
305 [140301993219840] INFO perfrun.perfcollector <> - config: in_tx_cp: 0
305 [140301993219840] INFO perfrun.perfcollector <> - config: inv: 0
305 [140301993219840] INFO perfrun.perfcollector <> - config1: ldlat: 0
305 [140301993219840] INFO perfrun.perfcollector <> - config1: offcore_rsp: 0
305 [140301993219840] INFO perfrun.perfcollector <> - config: pc: 0
305 [140301993219840] INFO perfrun.perfcollector <> - config: umask: 12
305 [140301993219840] INFO perfrun.perfcollector <> - precise event: event selector has no imprecise bit
305 [140301993219840] INFO perfrun.perfcollector <> - format: cpu/event=0xd0,umask=0x12,name='MEM_UOPS_RETIRED.STLB_MISS_STORES_PS'/
305 [140301993219840] INFO perfrun.perfcollector <> - event: 68: OFFCORE_REQUESTS_BUFFER.SQ_FULL
305 [140301993219840] INFO perfrun.perfcollector <> - cccr: addr: 187, value: 5301b2
305 [140301993219840] INFO perfrun.perfcollector <> - data: addr: c2, value: ffffffffffe17b7d
305 [140301993219840] INFO perfrun.perfcollector <> - pmu config: cpu
305 [140301993219840] INFO perfrun.perfcollector <> - config: any: 0
305 [140301993219840] INFO perfrun.perfcollector <> - config: cmask: 0
305 [140301993219840] INFO perfrun.perfcollector <> - config: edge: 0
305 [140301993219840] INFO perfrun.perfcollector <> - config: event: b2
305 [140301993219840] INFO perfrun.perfcollector <> - config: in_tx: 0
305 [140301993219840] INFO perfrun.perfcollector <> - config: in_tx_cp: 0
305 [140301993219840] INFO perfrun.perfcollector <> - config: inv: 0
305 [140301993219840] INFO perfrun.perfcollector <> - config1: ldlat: 0
305 [140301993219840] INFO perfrun.perfcollector <> - config1: offcore_rsp: 0
305 [140301993219840] INFO perfrun.perfcollector <> - config: pc: 0
305 [140301993219840] INFO perfrun.perfcollector <> - config: umask: 1
305 [140301993219840] INFO perfrun.perfcollector <> - format: cpu/event=0xb2,umask=0x1,name='OFFCORE_REQUESTS_BUFFER.SQ_FULL'/
305 [140301993219840] INFO perfrun.perfcollector <> - event: 69: OFFCORE_REQUESTS_OUTSTANDING.CYCLES_WITH_DEMAND_RFO
305 [140301993219840] INFO perfrun.perfcollector <> - cccr: addr: 188, value: 1530460
305 [140301993219840] INFO perfrun.perfcollector <> - data: addr: c3, value: ffffffffffe17b7d
305 [140301993219840] INFO perfrun.perfcollector <> - pmu config: cpu
305 [140301993219840] INFO perfrun.perfcollector <> - config: any: 0
305 [140301993219840] INFO perfrun.perfcollector <> - config: cmask: 1
305 [140301993219840] INFO perfrun.perfcollector <> - config: edge: 0
305 [140301993219840] INFO perfrun.perfcollector <> - config: event: 60
305 [140301993219840] INFO perfrun.perfcollector <> - config: in_tx: 0
305 [140301993219840] INFO perfrun.perfcollector <> - config: in_tx_cp: 0
305 [140301993219840] INFO perfrun.perfcollector <> - config: inv: 0
305 [140301993219840] INFO perfrun.perfcollector <> - config1: ldlat: 0
305 [140301993219840] INFO perfrun.perfcollector <> - config1: offcore_rsp: 0
305 [140301993219840] INFO perfrun.perfcollector <> - config: pc: 0
305 [140301993219840] INFO perfrun.perfcollector <> - config: umask: 4
305 [140301993219840] INFO perfrun.perfcollector <> - format: cpu/cmask=0x1,event=0x60,umask=0x4,name='OFFCORE_REQUESTS_OUTSTANDING.CYCLES_WITH_DEMAND_RFO'/
305 [140301993219840] INFO perfrun.perfcollector <> - event: cpu/event=0x3c,name='CPU_CLK_UNHALTED.THREAD'/Du, added for counting
305 [140301993219840] INFO perfrun.perfcollector <> - event: cpu/umask=0x3,name='CPU_CLK_UNHALTED.REF_TSC'/Du, added for counting
305 [140301993219840] INFO perfrun.perfcollector <> - event: cpu/event=0xc0,name='INST_RETIRED.ANY'/Du, added for counting
305 [140301993219840] INFO perfrun.perfcollector <> - event: cpu/event=0x3c,umask=0x1,name='CPU_CLK_UNHALTED.REF_XCLK'/u, added for counting
305 [140301993219840] INFO perfrun.perfcollector <> - event: cpu/event=0x3c,umask=0x2,name='CPU_CLK_UNHALTED.ONE_THREAD_ACTIVE'/u, added for counting
305 [140301993219840] INFO perfrun.perfcollector <> - event: cpu/event=0xc2,umask=0x2,name='UOPS_RETIRED.RETIRE_SLOTS'/u, added for counting
305 [140301993219840] INFO perfrun.perfcollector <> - event: cpu/event=0xc7,umask=0x2,name='FP_ARITH_INST_RETIRED.SCALAR_SINGLE'/u, added for counting
305 [140301993219840] INFO perfrun.perfcollector <> - event: cpu/event=0xc7,umask=0x8,name='FP_ARITH_INST_RETIRED.128B_PACKED_SINGLE'/u, added for counting
305 [140301993219840] INFO perfrun.perfcollector <> - event: cpu/event=0xc7,umask=0x20,name='FP_ARITH_INST_RETIRED.256B_PACKED_SINGLE'/u, added for counting
305 [140301993219840] INFO perfrun.perfcollector <> - event: cpu/event=0xc7,umask=0x1,name='FP_ARITH_INST_RETIRED.SCALAR_DOUBLE'/u, added for counting
305 [140301993219840] INFO perfrun.perfcollector <> - event: cpu/event=0xc7,umask=0x4,name='FP_ARITH_INST_RETIRED.128B_PACKED_DOUBLE'/u, added for counting
305 [140301993219840] INFO perfrun.perfcollector <> - event: cpu/event=0xc7,umask=0x10,name='FP_ARITH_INST_RETIRED.256B_PACKED_DOUBLE'/u, added for counting
305 [140301993219840] INFO perfrun.perfcollector <> - event: cpu/event=0xc0,umask=0x2,name='INST_RETIRED.X87'/u, added for counting
305 [140301993219840] INFO perfrun.perfcollector <> - event: cpu/event=0xb1,umask=0x1,name='UOPS_EXECUTED.THREAD'/u, added for counting
305 [140301993219840] INFO perfrun.perfcollector <> - event: cpu/event=0x3c,name='CPU_CLK_UNHALTED.THREAD_P'/u, added for counting
305 [140301993219840] INFO perfrun.perfcollector <> - event: cpu/cmask=0x6,event=0xa3,umask=0x6,name='CYCLE_ACTIVITY.STALLS_MEM_ANY'/u, added for counting
305 [140301993219840] INFO perfrun.perfcollector <> - event: cpu/cmask=0x4,event=0xa3,umask=0x4,name='CYCLE_ACTIVITY.STALLS_TOTAL'/u, added for counting
305 [140301993219840] INFO perfrun.perfcollector <> - event: cpu/event=0x9c,umask=0x1,name='IDQ_UOPS_NOT_DELIVERED.CORE'/u, added for counting
305 [140301993219840] INFO perfrun.perfcollector <> - event: cpu/cmask=0x4,event=0x9c,umask=0x1,name='IDQ_UOPS_NOT_DELIVERED.CYCLES_0_UOPS_DELIV.CORE'/u, added for counting
305 [140301993219840] INFO perfrun.perfcollector <> - event: cpu/cmask=0x1,event=0xd,umask=0x3,name='INT_MISC.RECOVERY_CYCLES'/u, added for counting
305 [140301993219840] INFO perfrun.perfcollector <> - event: cpu/event=0xa2,umask=0x8,name='RESOURCE_STALLS.SB'/u, added for counting
305 [140301993219840] INFO perfrun.perfcollector <> - event: cpu/event=0x5e,umask=0x1,name='RS_EVENTS.EMPTY_CYCLES'/u, added for counting
305 [140301993219840] INFO perfrun.perfcollector <> - event: cpu/cmask=0x1,edge=0x1,event=0x5e,inv=0x1,umask=0x1,name='RS_EVENTS.EMPTY_END'/u, added for counting
305 [140301993219840] INFO perfrun.perfcollector <> - event: cpu/cmask=0x1,event=0xb1,umask=0x1,name='UOPS_EXECUTED.CYCLES_GE_1_UOP_EXEC'/u, added for counting
305 [140301993219840] INFO perfrun.perfcollector <> - event: cpu/cmask=0x2,event=0xb1,umask=0x1,name='UOPS_EXECUTED.CYCLES_GE_2_UOPS_EXEC'/u, added for counting
305 [140301993219840] INFO perfrun.perfcollector <> - event: cpu/cmask=0x3,event=0xb1,umask=0x1,name='UOPS_EXECUTED.CYCLES_GE_3_UOPS_EXEC'/u, added for counting
305 [140301993219840] INFO perfrun.perfcollector <> - event: cpu/event=0xe,umask=0x1,name='UOPS_ISSUED.ANY'/u, added for counting
305 [140301993219840] INFO perfrun.perfcollector <> - event: cpu/cmask=0xc,event=0xa3,umask=0xc,name='CYCLE_ACTIVITY.STALLS_L1D_MISS'/u, added for counting
305 [140301993219840] INFO perfrun.perfcollector <> - event: cpu/cmask=0x5,event=0xa3,umask=0x5,name='CYCLE_ACTIVITY.STALLS_L2_MISS'/u, added for counting
305 [140301993219840] INFO perfrun.perfcollector <> - event: cpu/event=0xd1,umask=0x4,name='MEM_LOAD_UOPS_RETIRED.L3_HIT_PS'/u, added for counting
305 [140301993219840] INFO perfrun.perfcollector <> - event: cpu/event=0xd1,umask=0x20,name='MEM_LOAD_UOPS_RETIRED.L3_MISS_PS'/u, added for counting
305 [140301993219840] INFO perfrun.perfcollector <> - event: cpu/cmask=0x1,event=0xb1,umask=0x2,name='UOPS_EXECUTED.CORE:cmask=1'/u, added for counting
305 [140301993219840] INFO perfrun.perfcollector <> - event: cpu/cmask=0x2,event=0xb1,umask=0x2,name='UOPS_EXECUTED.CORE:cmask=2'/u, added for counting
305 [140301993219840] INFO perfrun.perfcollector <> - event: cpu/cmask=0x3,event=0xb1,umask=0x2,name='UOPS_EXECUTED.CORE:cmask=3'/u, added for counting
305 [140301993219840] INFO perfrun.perfcollector <> - event: cpu/cmask=0x4,event=0x60,umask=0x8,name='OFFCORE_REQUESTS_OUTSTANDING.ALL_DATA_RD:cmask=4'/u, added for counting
305 [140301993219840] INFO perfrun.perfcollector <> - event: cpu/cmask=0x1,event=0x60,umask=0x8,name='OFFCORE_REQUESTS_OUTSTANDING.CYCLES_WITH_DATA_RD'/u, added for counting
305 [140301993219840] INFO perfrun.perfcollector <> - event: cpu/event=0xd0,umask=0x81,name='MEM_UOPS_RETIRED.ALL_LOADS_PS'/u, added for counting
305 [140301993219840] INFO perfrun.perfcollector <> - event: cpu/event=0xd0,umask=0x82,name='MEM_UOPS_RETIRED.ALL_STORES_PS'/u, added for counting
305 [140301993219840] INFO perfrun.perfcollector <> - event: cpu/event=0xd3,umask=0x1,name='MEM_LOAD_UOPS_L3_MISS_RETIRED.LOCAL_DRAM_PS'/u, added for counting
306 [140301993219840] INFO perfrun.perfcollector <> - event: cpu/event=0xd3,umask=0x4,name='MEM_LOAD_UOPS_L3_MISS_RETIRED.REMOTE_DRAM_PS'/u, added for counting
306 [140301993219840] INFO perfrun.perfcollector <> - event: cpu/event=0xd3,umask=0x10,name='MEM_LOAD_UOPS_L3_MISS_RETIRED.REMOTE_HITM_PS'/u, added for counting
306 [140301993219840] INFO perfrun.perfcollector <> - event: cpu/event=0xd3,umask=0x20,name='MEM_LOAD_UOPS_L3_MISS_RETIRED.REMOTE_FWD_PS'/u, added for counting
306 [140301993219840] INFO perfrun.perfcollector <> - event: cpu/event=0xb7,offcore_rsp=0x6040007f7,umask=0x1,name='OFFCORE_RESPONSE:request=ALL_READS:response=LLC_MISS.LOCAL_DRAM'/u, added for counting
306 [140301993219840] INFO perfrun.perfcollector <> - event: cpu/event=0xbb,offcore_rsp=0x63bc007f7,umask=0x1,name='OFFCORE_RESPONSE:request=ALL_READS:response=LLC_MISS.REMOTE_DRAM'/u, added for counting
306 [140301993219840] INFO perfrun.perfcollector <> - event: cpu/event=0x8,umask=0x60,name='DTLB_LOAD_MISSES.STLB_HIT'/u, added for counting
306 [140301993219840] INFO perfrun.perfcollector <> - event: cpu/event=0x8,umask=0xe,name='DTLB_LOAD_MISSES.WALK_COMPLETED'/u, added for counting
306 [140301993219840] INFO perfrun.perfcollector <> - event: cpu/cmask=0x1,event=0x8,umask=0x10,name='DTLB_LOAD_MISSES.WALK_DURATION:cmask=1'/u, added for counting
306 [140301993219840] INFO perfrun.perfcollector <> - event: cpu/event=0x49,umask=0x60,name='DTLB_STORE_MISSES.STLB_HIT'/u, added for counting
306 [140301993219840] INFO perfrun.perfcollector <> - event: cpu/event=0x49,umask=0xe,name='DTLB_STORE_MISSES.WALK_COMPLETED'/u, added for counting
306 [140301993219840] INFO perfrun.perfcollector <> - event: cpu/cmask=0x1,event=0x49,umask=0x10,name='DTLB_STORE_MISSES.WALK_DURATION:cmask=1'/u, added for counting
306 [140301993219840] INFO perfrun.perfcollector <> - event: cpu/cmask=0x1,event=0x48,umask=0x2,name='L1D_PEND_MISS.FB_FULL:cmask=1'/u, added for counting
306 [140301993219840] INFO perfrun.perfcollector <> - event: cpu/event=0x48,umask=0x1,name='L1D_PEND_MISS.PENDING'/u, added for counting
306 [140301993219840] INFO perfrun.perfcollector <> - event: cpu/event=0x24,umask=0xc2,name='L2_RQSTS.RFO_HIT'/u, added for counting
306 [140301993219840] INFO perfrun.perfcollector <> - event: cpu/event=0x3,umask=0x8,name='LD_BLOCKS.NO_SR'/u, added for counting
306 [140301993219840] INFO perfrun.perfcollector <> - event: cpu/event=0x3,umask=0x2,name='LD_BLOCKS.STORE_FORWARD'/u, added for counting
306 [140301993219840] INFO perfrun.perfcollector <> - event: cpu/event=0x7,umask=0x1,name='LD_BLOCKS_PARTIAL.ADDRESS_ALIAS'/u, added for counting
306 [140301993219840] INFO perfrun.perfcollector <> - event: cpu/event=0xd2,umask=0x4,name='MEM_LOAD_UOPS_L3_HIT_RETIRED.XSNP_HITM_PS'/u, added for counting
306 [140301993219840] INFO perfrun.perfcollector <> - event: cpu/event=0xd2,umask=0x2,name='MEM_LOAD_UOPS_L3_HIT_RETIRED.XSNP_HIT_PS'/u, added for counting
306 [140301993219840] INFO perfrun.perfcollector <> - event: cpu/event=0xd2,umask=0x1,name='MEM_LOAD_UOPS_L3_HIT_RETIRED.XSNP_MISS_PS'/u, added for counting
306 [140301993219840] INFO perfrun.perfcollector <> - event: cpu/event=0xd1,umask=0x40,name='MEM_LOAD_UOPS_RETIRED.HIT_LFB_PS'/u, added for counting
306 [140301993219840] INFO perfrun.perfcollector <> - event: cpu/event=0xd1,umask=0x1,name='MEM_LOAD_UOPS_RETIRED.L1_HIT_PS'/u, added for counting
306 [140301993219840] INFO perfrun.perfcollector <> - event: cpu/event=0xd1,umask=0x8,name='MEM_LOAD_UOPS_RETIRED.L1_MISS'/u, added for counting
306 [140301993219840] INFO perfrun.perfcollector <> - event: cpu/event=0xd1,umask=0x2,name='MEM_LOAD_UOPS_RETIRED.L2_HIT_PS'/u, added for counting
306 [140301993219840] INFO perfrun.perfcollector <> - event: cpu/event=0xd0,umask=0x21,name='MEM_UOPS_RETIRED.LOCK_LOADS_PS'/u, added for counting
306 [140301993219840] INFO perfrun.perfcollector <> - event: cpu/event=0xd0,umask=0x41,name='MEM_UOPS_RETIRED.SPLIT_LOADS_PS'/u, added for counting
306 [140301993219840] INFO perfrun.perfcollector <> - event: cpu/event=0xd0,umask=0x42,name='MEM_UOPS_RETIRED.SPLIT_STORES_PS'/u, added for counting
306 [140301993219840] INFO perfrun.perfcollector <> - event: cpu/event=0xd0,umask=0x11,name='MEM_UOPS_RETIRED.STLB_MISS_LOADS_PS'/u, added for counting
306 [140301993219840] INFO perfrun.perfcollector <> - event: cpu/event=0xd0,umask=0x12,name='MEM_UOPS_RETIRED.STLB_MISS_STORES_PS'/u, added for counting
306 [140301993219840] INFO perfrun.perfcollector <> - event: cpu/event=0xb2,umask=0x1,name='OFFCORE_REQUESTS_BUFFER.SQ_FULL'/u, added for counting
306 [140301993219840] INFO perfrun.perfcollector <> - event: cpu/cmask=0x1,event=0x60,umask=0x4,name='OFFCORE_REQUESTS_OUTSTANDING.CYCLES_WITH_DEMAND_RFO'/u, added for counting
306 [140301993219840] INFO perfrun.perfcollector <> - attaching to pid: 4294967295, m_mode: 10, mode: 3
306 [140301845100288] INFO perfrun.perfcollector <> - Perf stat trace pipe capacity: read = 1048576, write = 1048576
309 [140301845100288] INFO perfrun.sdk <> - runCmd: /opt/intel/oneapi/vtune/2024.2/bin64/amplxe-perf stat -v --log-fd 12 --scale -x ; -e cpu/event=0x3c,name='CPU_CLK_UNHALTED.THREAD'/Du,cpu/umask=0x3,name='CPU_CLK_UNHALTED.REF_TSC'/Du,cpu/event=0xc0,name='INST_RETIRED.ANY'/Du,cpu/event=0x3c,umask=0x1,name='CPU_CLK_UNHALTED.REF_XCLK'/u,cpu/event=0x3c,umask=0x2,name='CPU_CLK_UNHALTED.ONE_THREAD_ACTIVE'/u,cpu/event=0xc2,umask=0x2,name='UOPS_RETIRED.RETIRE_SLOTS'/u,cpu/event=0xc7,umask=0x2,name='FP_ARITH_INST_RETIRED.SCALAR_SINGLE'/u,cpu/event=0xc7,umask=0x8,name='FP_ARITH_INST_RETIRED.128B_PACKED_SINGLE'/u,cpu/event=0xc7,umask=0x20,name='FP_ARITH_INST_RETIRED.256B_PACKED_SINGLE'/u,cpu/event=0xc7,umask=0x1,name='FP_ARITH_INST_RETIRED.SCALAR_DOUBLE'/u,cpu/event=0xc7,umask=0x4,name='FP_ARITH_INST_RETIRED.128B_PACKED_DOUBLE'/u,cpu/event=0xc7,umask=0x10,name='FP_ARITH_INST_RETIRED.256B_PACKED_DOUBLE'/u,cpu/event=0xc0,umask=0x2,name='INST_RETIRED.X87'/u,cpu/event=0xb1,umask=0x1,name='UOPS_EXECUTED.THREAD'/u,cpu/event=0x3c,name='CPU_CLK_UNHALTED.THREAD_P'/u,cpu/cmask=0x6,event=0xa3,umask=0x6,name='CYCLE_ACTIVITY.STALLS_MEM_ANY'/u,cpu/cmask=0x4,event=0xa3,umask=0x4,name='CYCLE_ACTIVITY.STALLS_TOTAL'/u,cpu/event=0x9c,umask=0x1,name='IDQ_UOPS_NOT_DELIVERED.CORE'/u,cpu/cmask=0x4,event=0x9c,umask=0x1,name='IDQ_UOPS_NOT_DELIVERED.CYCLES_0_UOPS_DELIV.CORE'/u,cpu/cmask=0x1,event=0xd,umask=0x3,name='INT_MISC.RECOVERY_CYCLES'/u,cpu/event=0xa2,umask=0x8,name='RESOURCE_STALLS.SB'/u,cpu/event=0x5e,umask=0x1,name='RS_EVENTS.EMPTY_CYCLES'/u,cpu/cmask=0x1,edge=0x1,event=0x5e,inv=0x1,umask=0x1,name='RS_EVENTS.EMPTY_END'/u,cpu/cmask=0x1,event=0xb1,umask=0x1,name='UOPS_EXECUTED.CYCLES_GE_1_UOP_EXEC'/u,cpu/cmask=0x2,event=0xb1,umask=0x1,name='UOPS_EXECUTED.CYCLES_GE_2_UOPS_EXEC'/u,cpu/cmask=0x3,event=0xb1,umask=0x1,name='UOPS_EXECUTED.CYCLES_GE_3_UOPS_EXEC'/u,cpu/event=0xe,umask=0x1,name='UOPS_ISSUED.ANY'/u,cpu/cmask=0xc,event=0xa3,umask=0xc,name='CYCLE_ACTIVITY.STALLS_L1D_MISS'/u,cpu/cmask=0x5,event=0xa3,umask=0x5,name='CYCLE_ACTIVITY.STALLS_L2_MISS'/u,cpu/event=0xd1,umask=0x4,name='MEM_LOAD_UOPS_RETIRED.L3_HIT_PS'/u,cpu/event=0xd1,umask=0x20,name='MEM_LOAD_UOPS_RETIRED.L3_MISS_PS'/u,cpu/cmask=0x1,event=0xb1,umask=0x2,name='UOPS_EXECUTED.CORE:cmask=1'/u,cpu/cmask=0x2,event=0xb1,umask=0x2,name='UOPS_EXECUTED.CORE:cmask=2'/u,cpu/cmask=0x3,event=0xb1,umask=0x2,name='UOPS_EXECUTED.CORE:cmask=3'/u,cpu/cmask=0x4,event=0x60,umask=0x8,name='OFFCORE_REQUESTS_OUTSTANDING.ALL_DATA_RD:cmask=4'/u,cpu/cmask=0x1,event=0x60,umask=0x8,name='OFFCORE_REQUESTS_OUTSTANDING.CYCLES_WITH_DATA_RD'/u,cpu/event=0xd0,umask=0x81,name='MEM_UOPS_RETIRED.ALL_LOADS_PS'/u,cpu/event=0xd0,umask=0x82,name='MEM_UOPS_RETIRED.ALL_STORES_PS'/u,cpu/event=0xd3,umask=0x1,name='MEM_LOAD_UOPS_L3_MISS_RETIRED.LOCAL_DRAM_PS'/u,cpu/event=0xd3,umask=0x4,name='MEM_LOAD_UOPS_L3_MISS_RETIRED.REMOTE_DRAM_PS'/u,cpu/event=0xd3,umask=0x10,name='MEM_LOAD_UOPS_L3_MISS_RETIRED.REMOTE_HITM_PS'/u,cpu/event=0xd3,umask=0x20,name='MEM_LOAD_UOPS_L3_MISS_RETIRED.REMOTE_FWD_PS'/u,cpu/event=0xb7,offcore_rsp=0x6040007f7,umask=0x1,name='OFFCORE_RESPONSE:request=ALL_READS:response=LLC_MISS.LOCAL_DRAM'/u,cpu/event=0xbb,offcore_rsp=0x63bc007f7,umask=0x1,name='OFFCORE_RESPONSE:request=ALL_READS:response=LLC_MISS.REMOTE_DRAM'/u,cpu/event=0x8,umask=0x60,name='DTLB_LOAD_MISSES.STLB_HIT'/u,cpu/event=0x8,umask=0xe,name='DTLB_LOAD_MISSES.WALK_COMPLETED'/u,cpu/cmask=0x1,event=0x8,umask=0x10,name='DTLB_LOAD_MISSES.WALK_DURATION:cmask=1'/u,cpu/event=0x49,umask=0x60,name='DTLB_STORE_MISSES.STLB_HIT'/u,cpu/event=0x49,umask=0xe,name='DTLB_STORE_MISSES.WALK_COMPLETED'/u,cpu/cmask=0x1,event=0x49,umask=0x10,name='DTLB_STORE_MISSES.WALK_DURATION:cmask=1'/u,cpu/cmask=0x1,event=0x48,umask=0x2,name='L1D_PEND_MISS.FB_FULL:cmask=1'/u,cpu/event=0x48,umask=0x1,name='L1D_PEND_MISS.PENDING'/u,cpu/event=0x24,umask=0xc2,name='L2_RQSTS.RFO_HIT'/u,cpu/event=0x3,umask=0x8,name='LD_BLOCKS.NO_SR'/u,cpu/event=0x3,umask=0x2,name='LD_BLOCKS.STORE_FORWARD'/u,cpu/event=0x7,umask=0x1,name='LD_BLOCKS_PARTIAL.ADDRESS_ALIAS'/u,cpu/event=0xd2,umask=0x4,name='MEM_LOAD_UOPS_L3_HIT_RETIRED.XSNP_HITM_PS'/u,cpu/event=0xd2,umask=0x2,name='MEM_LOAD_UOPS_L3_HIT_RETIRED.XSNP_HIT_PS'/u,cpu/event=0xd2,umask=0x1,name='MEM_LOAD_UOPS_L3_HIT_RETIRED.XSNP_MISS_PS'/u,cpu/event=0xd1,umask=0x40,name='MEM_LOAD_UOPS_RETIRED.HIT_LFB_PS'/u,cpu/event=0xd1,umask=0x1,name='MEM_LOAD_UOPS_RETIRED.L1_HIT_PS'/u,cpu/event=0xd1,umask=0x8,name='MEM_LOAD_UOPS_RETIRED.L1_MISS'/u,cpu/event=0xd1,umask=0x2,name='MEM_LOAD_UOPS_RETIRED.L2_HIT_PS'/u,cpu/event=0xd0,umask=0x21,name='MEM_UOPS_RETIRED.LOCK_LOADS_PS'/u,cpu/event=0xd0,umask=0x41,name='MEM_UOPS_RETIRED.SPLIT_LOADS_PS'/u,cpu/event=0xd0,umask=0x42,name='MEM_UOPS_RETIRED.SPLIT_STORES_PS'/u,cpu/event=0xd0,umask=0x11,name='MEM_UOPS_RETIRED.STLB_MISS_LOADS_PS'/u,cpu/event=0xd0,umask=0x12,name='MEM_UOPS_RETIRED.STLB_MISS_STORES_PS'/u,cpu/event=0xb2,umask=0x1,name='OFFCORE_REQUESTS_BUFFER.SQ_FULL'/u,cpu/cmask=0x1,event=0x60,umask=0x4,name='OFFCORE_REQUESTS_OUTSTANDING.CYCLES_WITH_DEMAND_RFO'/u /opt/intel/oneapi/vtune/2024.2/bin64/amplxe-perf-sync dryrun sys
310 [140301845100288] INFO perfrun.sdk <> - runCmd started PID 3350225
424 [140301845100288] INFO perfrun.perfcollector <> - Monitor: runCmd RC = true
424 [140301993219840] INFO perfrun.launcher <> - plugin [aoclprofile] was disabled because it doesn't support the given collection type.
424 [140301993219840] INFO perfrun.tpss <> - initialize tpss controller
424 [140301993219840] INFO perfrun.launcher <> - plugin [tpss] was disabled because it doesn't support the given collection type.
424 [140301993219840] INFO perfrun.launcher <> - plugin [media] was disabled because it doesn't support the given collection type.
424 [140301993219840] INFO perfrun.launcher <> - plugin [] was disabled because it doesn't support the given collection type.
424 [140301993219840] INFO perfrun.launcher <> - plugin [] was disabled because it doesn't support the given collection type.
424 [140301993219840] INFO perfrun.launcher <> - plugin [parallelfs] was disabled because it doesn't support the given collection type.
424 [140301993219840] INFO perfrun.launcher <> - plugin [power] was disabled because it doesn't support the given collection type.
424 [140301993219840] INFO perfrun.launcher <> - plugin [] was disabled because it doesn't support the given collection type.
424 [140301993219840] INFO perfrun.launcher <> - plugin [ipmwatch] was disabled because it doesn't support the given collection type.
424 [140301993219840] INFO perfrun.launcher <> - plugin [os_counters] was disabled because it doesn't support the given collection type.
424 [140301993219840] INFO perfrun.launcher <> - plugin [l0_metrics] was disabled because it doesn't support the given collection type.
425 [140302120434560] INFO perfrun.launcher <> - set environment variable: INTEL_MRTE_DATA_DIR = /tmp/amplxe-tmp-dragos.boncan/amplxe-res-3350218-47531290990676136/data.0
425 [140302120434560] INFO perfrun.launcher <> - set environment variable: INTEL_MRTE_HOST_NAME = xl270-wn161.grid.pub.ro
425 [140302120434560] INFO perfrun.launcher <> - set environment variable: JAVA_TOOL_OPTIONS = -agentlib:amplxe_samplingmrte_javaprof_1.0 -Dsun.boot.library.path=/opt/intel/oneapi/vtune/2024.2/lib32/runtime:/opt/intel/oneapi/vtune/2024.2/lib64/runtime
425 [140302120434560] INFO perfrun.launcher <> - set environment variable: LD_LIBRARY_PATH = /opt/intel/oneapi/vtune/2024.2/lib32/runtime:/opt/intel/oneapi/vtune/2024.2/lib64/runtime:/usr/lib64/openmpi/lib:/usr/local/cuda-11.4/lib64
425 [140302120434560] INFO perfrun.launcher <> - set environment variable: CORECLR_ENABLE_PROFILING = 1
425 [140302120434560] INFO perfrun.launcher <> - set environment variable: CORECLR_PROFILER = {AA5E4821-E3B1-479c-B7FF-5AD047D22CED}
425 [140302120434560] INFO perfrun.launcher <> - set environment variable: CORECLR_PROFILER_PATH = /opt/intel/oneapi/vtune/2024.2/lib64/libamplxe_samplingmrte_clrprof_1.0.so
425 [140302120434560] INFO perfrun.launcher <> - set environment variable: INTEL_MRTE_PROFILER_MODE = mixed
425 [140302120434560] INFO perfrun.launcher <> - RpcServer: run RPC server to handle requests
426 [140302120434560] INFO perfrun.launcher <> - Launcher: command line to start before modification = make run_pthreads THREADS=2 INPUT=images/input/1_earth_8k.jpg OUTPUT=images/output/output_canny.png LOW=15 HIGH=45 KERNEL_SIZE=9 SIGMA=1.5
426 [140302120434560] INFO perfrun.launcher <> - Launcher: command line to start after modification = make run_pthreads THREADS=2 INPUT=images/input/1_earth_8k.jpg OUTPUT=images/output/output_canny.png LOW=15 HIGH=45 KERNEL_SIZE=9 SIGMA=1.5
426 [140302120434560] INFO perfrun.launcher <> - ProcessCreator object was created
427 [140302120434560] INFO perfrun.launcher <> - Launcher: the process was started in suspend mode
433 [140301993219840] WARN perfrun.system <> - Could not do anything with /sys/kernel/debug/kvm: boost::filesystem::status: Permission denied [system:13]: "/sys/kernel/debug/kvm", at file: vcs/perfrun1/plugins/system/src/trace_writer.cpp:787
433 [140301993219840] WARN perfrun.system <> - Folder "/var/run/libvirt/qemu/"doesn't exist, at file: vcs/perfrun1/plugins/system/src/trace_writer.cpp:800
434 [140301993219840] INFO perfrun.perfcollector <> - attaching to pid: 3350228, m_mode: 10, mode: 11
434 [140301828314880] INFO perfrun.perfcollector <> - Perf stat trace pipe capacity: read = 1048576, write = 1048576
437 [140301828314880] INFO perfrun.sdk <> - runCmd: /opt/intel/oneapi/vtune/2024.2/bin64/amplxe-perf stat -v --log-fd 21 --control=fd:22,25 --scale -x ; -p 3350228 -e cpu/event=0x3c,name='CPU_CLK_UNHALTED.THREAD'/Du,cpu/umask=0x3,name='CPU_CLK_UNHALTED.REF_TSC'/Du,cpu/event=0xc0,name='INST_RETIRED.ANY'/Du,cpu/event=0x3c,umask=0x1,name='CPU_CLK_UNHALTED.REF_XCLK'/u,cpu/event=0x3c,umask=0x2,name='CPU_CLK_UNHALTED.ONE_THREAD_ACTIVE'/u,cpu/event=0xc2,umask=0x2,name='UOPS_RETIRED.RETIRE_SLOTS'/u,cpu/event=0xc7,umask=0x2,name='FP_ARITH_INST_RETIRED.SCALAR_SINGLE'/u,cpu/event=0xc7,umask=0x8,name='FP_ARITH_INST_RETIRED.128B_PACKED_SINGLE'/u,cpu/event=0xc7,umask=0x20,name='FP_ARITH_INST_RETIRED.256B_PACKED_SINGLE'/u,cpu/event=0xc7,umask=0x1,name='FP_ARITH_INST_RETIRED.SCALAR_DOUBLE'/u,cpu/event=0xc7,umask=0x4,name='FP_ARITH_INST_RETIRED.128B_PACKED_DOUBLE'/u,cpu/event=0xc7,umask=0x10,name='FP_ARITH_INST_RETIRED.256B_PACKED_DOUBLE'/u,cpu/event=0xc0,umask=0x2,name='INST_RETIRED.X87'/u,cpu/event=0xb1,umask=0x1,name='UOPS_EXECUTED.THREAD'/u,cpu/event=0x3c,name='CPU_CLK_UNHALTED.THREAD_P'/u,cpu/cmask=0x6,event=0xa3,umask=0x6,name='CYCLE_ACTIVITY.STALLS_MEM_ANY'/u,cpu/cmask=0x4,event=0xa3,umask=0x4,name='CYCLE_ACTIVITY.STALLS_TOTAL'/u,cpu/event=0x9c,umask=0x1,name='IDQ_UOPS_NOT_DELIVERED.CORE'/u,cpu/cmask=0x4,event=0x9c,umask=0x1,name='IDQ_UOPS_NOT_DELIVERED.CYCLES_0_UOPS_DELIV.CORE'/u,cpu/cmask=0x1,event=0xd,umask=0x3,name='INT_MISC.RECOVERY_CYCLES'/u,cpu/event=0xa2,umask=0x8,name='RESOURCE_STALLS.SB'/u,cpu/event=0x5e,umask=0x1,name='RS_EVENTS.EMPTY_CYCLES'/u,cpu/cmask=0x1,edge=0x1,event=0x5e,inv=0x1,umask=0x1,name='RS_EVENTS.EMPTY_END'/u,cpu/cmask=0x1,event=0xb1,umask=0x1,name='UOPS_EXECUTED.CYCLES_GE_1_UOP_EXEC'/u,cpu/cmask=0x2,event=0xb1,umask=0x1,name='UOPS_EXECUTED.CYCLES_GE_2_UOPS_EXEC'/u,cpu/cmask=0x3,event=0xb1,umask=0x1,name='UOPS_EXECUTED.CYCLES_GE_3_UOPS_EXEC'/u,cpu/event=0xe,umask=0x1,name='UOPS_ISSUED.ANY'/u,cpu/cmask=0xc,event=0xa3,umask=0xc,name='CYCLE_ACTIVITY.STALLS_L1D_MISS'/u,cpu/cmask=0x5,event=0xa3,umask=0x5,name='CYCLE_ACTIVITY.STALLS_L2_MISS'/u,cpu/event=0xd1,umask=0x4,name='MEM_LOAD_UOPS_RETIRED.L3_HIT_PS'/u,cpu/event=0xd1,umask=0x20,name='MEM_LOAD_UOPS_RETIRED.L3_MISS_PS'/u,cpu/cmask=0x1,event=0xb1,umask=0x2,name='UOPS_EXECUTED.CORE:cmask=1'/u,cpu/cmask=0x2,event=0xb1,umask=0x2,name='UOPS_EXECUTED.CORE:cmask=2'/u,cpu/cmask=0x3,event=0xb1,umask=0x2,name='UOPS_EXECUTED.CORE:cmask=3'/u,cpu/cmask=0x4,event=0x60,umask=0x8,name='OFFCORE_REQUESTS_OUTSTANDING.ALL_DATA_RD:cmask=4'/u,cpu/cmask=0x1,event=0x60,umask=0x8,name='OFFCORE_REQUESTS_OUTSTANDING.CYCLES_WITH_DATA_RD'/u,cpu/event=0xd0,umask=0x81,name='MEM_UOPS_RETIRED.ALL_LOADS_PS'/u,cpu/event=0xd0,umask=0x82,name='MEM_UOPS_RETIRED.ALL_STORES_PS'/u,cpu/event=0xd3,umask=0x1,name='MEM_LOAD_UOPS_L3_MISS_RETIRED.LOCAL_DRAM_PS'/u,cpu/event=0xd3,umask=0x4,name='MEM_LOAD_UOPS_L3_MISS_RETIRED.REMOTE_DRAM_PS'/u,cpu/event=0xd3,umask=0x10,name='MEM_LOAD_UOPS_L3_MISS_RETIRED.REMOTE_HITM_PS'/u,cpu/event=0xd3,umask=0x20,name='MEM_LOAD_UOPS_L3_MISS_RETIRED.REMOTE_FWD_PS'/u,cpu/event=0xb7,offcore_rsp=0x6040007f7,umask=0x1,name='OFFCORE_RESPONSE:request=ALL_READS:response=LLC_MISS.LOCAL_DRAM'/u,cpu/event=0xbb,offcore_rsp=0x63bc007f7,umask=0x1,name='OFFCORE_RESPONSE:request=ALL_READS:response=LLC_MISS.REMOTE_DRAM'/u,cpu/event=0x8,umask=0x60,name='DTLB_LOAD_MISSES.STLB_HIT'/u,cpu/event=0x8,umask=0xe,name='DTLB_LOAD_MISSES.WALK_COMPLETED'/u,cpu/cmask=0x1,event=0x8,umask=0x10,name='DTLB_LOAD_MISSES.WALK_DURATION:cmask=1'/u,cpu/event=0x49,umask=0x60,name='DTLB_STORE_MISSES.STLB_HIT'/u,cpu/event=0x49,umask=0xe,name='DTLB_STORE_MISSES.WALK_COMPLETED'/u,cpu/cmask=0x1,event=0x49,umask=0x10,name='DTLB_STORE_MISSES.WALK_DURATION:cmask=1'/u,cpu/cmask=0x1,event=0x48,umask=0x2,name='L1D_PEND_MISS.FB_FULL:cmask=1'/u,cpu/event=0x48,umask=0x1,name='L1D_PEND_MISS.PENDING'/u,cpu/event=0x24,umask=0xc2,name='L2_RQSTS.RFO_HIT'/u,cpu/event=0x3,umask=0x8,name='LD_BLOCKS.NO_SR'/u,cpu/event=0x3,umask=0x2,name='LD_BLOCKS.STORE_FORWARD'/u,cpu/event=0x7,umask=0x1,name='LD_BLOCKS_PARTIAL.ADDRESS_ALIAS'/u,cpu/event=0xd2,umask=0x4,name='MEM_LOAD_UOPS_L3_HIT_RETIRED.XSNP_HITM_PS'/u,cpu/event=0xd2,umask=0x2,name='MEM_LOAD_UOPS_L3_HIT_RETIRED.XSNP_HIT_PS'/u,cpu/event=0xd2,umask=0x1,name='MEM_LOAD_UOPS_L3_HIT_RETIRED.XSNP_MISS_PS'/u,cpu/event=0xd1,umask=0x40,name='MEM_LOAD_UOPS_RETIRED.HIT_LFB_PS'/u,cpu/event=0xd1,umask=0x1,name='MEM_LOAD_UOPS_RETIRED.L1_HIT_PS'/u,cpu/event=0xd1,umask=0x8,name='MEM_LOAD_UOPS_RETIRED.L1_MISS'/u,cpu/event=0xd1,umask=0x2,name='MEM_LOAD_UOPS_RETIRED.L2_HIT_PS'/u,cpu/event=0xd0,umask=0x21,name='MEM_UOPS_RETIRED.LOCK_LOADS_PS'/u,cpu/event=0xd0,umask=0x41,name='MEM_UOPS_RETIRED.SPLIT_LOADS_PS'/u,cpu/event=0xd0,umask=0x42,name='MEM_UOPS_RETIRED.SPLIT_STORES_PS'/u,cpu/event=0xd0,umask=0x11,name='MEM_UOPS_RETIRED.STLB_MISS_LOADS_PS'/u,cpu/event=0xd0,umask=0x12,name='MEM_UOPS_RETIRED.STLB_MISS_STORES_PS'/u,cpu/event=0xb2,umask=0x1,name='OFFCORE_REQUESTS_BUFFER.SQ_FULL'/u,cpu/cmask=0x1,event=0x60,umask=0x4,name='OFFCORE_REQUESTS_OUTSTANDING.CYCLES_WITH_DEMAND_RFO'/u /opt/intel/oneapi/vtune/2024.2/bin64/amplxe-perf-sync sync sys
438 [140301828314880] INFO perfrun.sdk <> - runCmd started PID 3350231
546 [140302120434560] INFO perfrun.launcher <> - Launcher: all plugins were started
546 [140302120434560] INFO perfrun.launcher <> - DirectoryMonitor object was created
546 [140302120434560] INFO perfrun.launcher <> - DirectoryMonitor: a callback was added
546 [140302120434560] INFO perfrun.launcher <> - DirectoryMonitor was started with pingTime = 1000
546 [140302120434560] INFO perfrun.launcher <> - DeadlineTimer is going to be constructed
547 [140302120434560] INFO perfrun.launcher <> - DeadlineTimer: a callback was added
556 [140302120434560] INFO perfrun.launcher <> - Launcher: resume the profiled application and  wait its termination or stop command
8212 [140302120434560] INFO perfrun.launcher <> - Launcher: the profiled application was terminated  with exit code = 0
8218 [140301828314880] INFO perfrun.perfcollector <> - Monitor: runCmd RC = true
8218 [140301993219840] INFO perfrun.perfcollector <> - Monitor: state = 3, error = 1
8218 [140301993219840] INFO perfrun.sdk <> - De-allocating TMU: /tmp/amplxe-tmp-dragos.boncan/amplxe-res-3350218-47531290990676136/data.0/systemcollector-3350218-xl270-wn161.grid.pub.ro.sc
8218 [140301993219840] INFO perfrun.system <> - closed the system trace file: /tmp/amplxe-tmp-dragos.boncan/amplxe-res-3350218-47531290990676136/data.0/systemcollector-3350218-xl270-wn161.grid.pub.ro.sc
8218 [140302120434560] INFO perfrun.launcher <> - Launcher: all plugins were stopped.
8218 [140302120434560] INFO perfrun.launcher <> - DeadlineTimer is going to be destroyed
8218 [140302120434560] INFO perfrun.launcher <> - DeadlineTimer was destroyed
8218 [140302120434560] INFO perfrun.launcher <> - DirectoryMonitor object was destroyed
8218 [140302120434560] WARN perfrun.launcher <> - Stop command is ignored because it is received when collection is already stopped, at file: vcs/perfrun1/launcher/src/command_handler.cpp:226
8225 [140302120434560] ERROR perfrun.launcher <> - archive directory doesn't exist (/tmp/amplxe-tmp-dragos.boncan/amplxe-res-3350218-47531290990676136/archive), at file: vcs/perfrun1/launcher/src/result_directory.cpp:321
8228 [140302120434560] INFO perfrun.launcher <> - Application exit code: 0
8228 [140302120434560] INFO perfrun.launcher <> - Exit code: 0
